condition,model,task,seed,epoch,loss,lr,avg_grad_norm_before,clipped_fraction,source
126K,CoT,task_a,42,1,2.060766894340515,,,,export\models\cot_task_a_s42_aligned\training_log.json
126K,CoT,task_a,42,2,1.635088173866272,,,,export\models\cot_task_a_s42_aligned\training_log.json
126K,CoT,task_a,42,3,1.537306918144226,,,,export\models\cot_task_a_s42_aligned\training_log.json
126K,CoT,task_a,42,4,1.429931629180908,,,,export\models\cot_task_a_s42_aligned\training_log.json
126K,CoT,task_a,42,5,1.3162703952789307,,,,export\models\cot_task_a_s42_aligned\training_log.json
126K,CoT,task_a,42,6,1.1518207840919494,,,,export\models\cot_task_a_s42_aligned\training_log.json
126K,CoT,task_a,42,7,0.852021487236023,,,,export\models\cot_task_a_s42_aligned\training_log.json
126K,CoT,task_a,42,8,0.7743091864585876,,,,export\models\cot_task_a_s42_aligned\training_log.json
126K,CoT,task_a,42,9,0.7362479500770569,,,,export\models\cot_task_a_s42_aligned\training_log.json
126K,CoT,task_a,42,10,0.7129235730171204,,,,export\models\cot_task_a_s42_aligned\training_log.json
126K,CoT,task_a,42,11,0.6939095878601074,,,,export\models\cot_task_a_s42_aligned\training_log.json
126K,CoT,task_a,42,12,0.6902337489128113,,,,export\models\cot_task_a_s42_aligned\training_log.json
126K,CoT,task_a,42,13,0.6819796271324158,,,,export\models\cot_task_a_s42_aligned\training_log.json
126K,CoT,task_a,42,14,0.6748056435585021,,,,export\models\cot_task_a_s42_aligned\training_log.json
126K,CoT,task_a,42,15,0.6681974177360535,,,,export\models\cot_task_a_s42_aligned\training_log.json
126K,CoT,task_a,42,16,0.6683544521331787,,,,export\models\cot_task_a_s42_aligned\training_log.json
126K,CoT,task_a,42,17,0.6632273044586182,,,,export\models\cot_task_a_s42_aligned\training_log.json
126K,CoT,task_a,42,18,0.6588531470298767,,,,export\models\cot_task_a_s42_aligned\training_log.json
126K,CoT,task_a,42,19,0.6581084175109864,,,,export\models\cot_task_a_s42_aligned\training_log.json
126K,CoT,task_a,42,20,0.6547718801498413,,,,export\models\cot_task_a_s42_aligned\training_log.json
126K,CoT,task_a,43,1,2.06844758605957,,,,export\models\cot_task_a_s43_aligned\training_log.json
126K,CoT,task_a,43,2,1.64103981590271,,,,export\models\cot_task_a_s43_aligned\training_log.json
126K,CoT,task_a,43,3,1.568622018814087,,,,export\models\cot_task_a_s43_aligned\training_log.json
126K,CoT,task_a,43,4,1.5224232416152954,,,,export\models\cot_task_a_s43_aligned\training_log.json
126K,CoT,task_a,43,5,1.4146196193695069,,,,export\models\cot_task_a_s43_aligned\training_log.json
126K,CoT,task_a,43,6,1.2744347953796387,,,,export\models\cot_task_a_s43_aligned\training_log.json
126K,CoT,task_a,43,7,1.1672895278930664,,,,export\models\cot_task_a_s43_aligned\training_log.json
126K,CoT,task_a,43,8,1.0913427085876466,,,,export\models\cot_task_a_s43_aligned\training_log.json
126K,CoT,task_a,43,9,1.0187605657577514,,,,export\models\cot_task_a_s43_aligned\training_log.json
126K,CoT,task_a,43,10,0.9348650407791138,,,,export\models\cot_task_a_s43_aligned\training_log.json
126K,CoT,task_a,43,11,0.8250847926139832,,,,export\models\cot_task_a_s43_aligned\training_log.json
126K,CoT,task_a,43,12,0.7331456866264343,,,,export\models\cot_task_a_s43_aligned\training_log.json
126K,CoT,task_a,43,13,0.7040137147903442,,,,export\models\cot_task_a_s43_aligned\training_log.json
126K,CoT,task_a,43,14,0.688718397140503,,,,export\models\cot_task_a_s43_aligned\training_log.json
126K,CoT,task_a,43,15,0.6779625420570373,,,,export\models\cot_task_a_s43_aligned\training_log.json
126K,CoT,task_a,43,16,0.671132936000824,,,,export\models\cot_task_a_s43_aligned\training_log.json
126K,CoT,task_a,43,17,0.666829185962677,,,,export\models\cot_task_a_s43_aligned\training_log.json
126K,CoT,task_a,43,18,0.6589289078712464,,,,export\models\cot_task_a_s43_aligned\training_log.json
126K,CoT,task_a,43,19,0.6543683371543885,,,,export\models\cot_task_a_s43_aligned\training_log.json
126K,CoT,task_a,43,20,0.6519245414733886,,,,export\models\cot_task_a_s43_aligned\training_log.json
126K,CoT,task_a,44,1,2.0355122003555297,,,,export\models\cot_task_a_s44_aligned\training_log.json
126K,CoT,task_a,44,2,1.6561866149902345,,,,export\models\cot_task_a_s44_aligned\training_log.json
126K,CoT,task_a,44,3,1.5847957019805907,,,,export\models\cot_task_a_s44_aligned\training_log.json
126K,CoT,task_a,44,4,1.506635383605957,,,,export\models\cot_task_a_s44_aligned\training_log.json
126K,CoT,task_a,44,5,1.46441100025177,,,,export\models\cot_task_a_s44_aligned\training_log.json
126K,CoT,task_a,44,6,1.4029699907302857,,,,export\models\cot_task_a_s44_aligned\training_log.json
126K,CoT,task_a,44,7,1.3307972078323365,,,,export\models\cot_task_a_s44_aligned\training_log.json
126K,CoT,task_a,44,8,1.2810509014129638,,,,export\models\cot_task_a_s44_aligned\training_log.json
126K,CoT,task_a,44,9,1.2111066856384278,,,,export\models\cot_task_a_s44_aligned\training_log.json
126K,CoT,task_a,44,10,1.1422585706710815,,,,export\models\cot_task_a_s44_aligned\training_log.json
126K,CoT,task_a,44,11,1.0936861333847046,,,,export\models\cot_task_a_s44_aligned\training_log.json
126K,CoT,task_a,44,12,1.0362150111198425,,,,export\models\cot_task_a_s44_aligned\training_log.json
126K,CoT,task_a,44,13,0.988207058429718,,,,export\models\cot_task_a_s44_aligned\training_log.json
126K,CoT,task_a,44,14,0.9271442322731018,,,,export\models\cot_task_a_s44_aligned\training_log.json
126K,CoT,task_a,44,15,0.8785916037559509,,,,export\models\cot_task_a_s44_aligned\training_log.json
126K,CoT,task_a,44,16,0.8415315790176392,,,,export\models\cot_task_a_s44_aligned\training_log.json
126K,CoT,task_a,44,17,0.8094755978584289,,,,export\models\cot_task_a_s44_aligned\training_log.json
126K,CoT,task_a,44,18,0.7873884377479553,,,,export\models\cot_task_a_s44_aligned\training_log.json
126K,CoT,task_a,44,19,0.7599239730834961,,,,export\models\cot_task_a_s44_aligned\training_log.json
126K,CoT,task_a,44,20,0.7414481778144837,,,,export\models\cot_task_a_s44_aligned\training_log.json
126K,CoT,task_a,45,1,2.068495008468628,,,,export\models\cot_task_a_s45_aligned\training_log.json
126K,CoT,task_a,45,2,1.6252035474777222,,,,export\models\cot_task_a_s45_aligned\training_log.json
126K,CoT,task_a,45,3,1.533228988647461,,,,export\models\cot_task_a_s45_aligned\training_log.json
126K,CoT,task_a,45,4,1.4160264511108398,,,,export\models\cot_task_a_s45_aligned\training_log.json
126K,CoT,task_a,45,5,1.320510196685791,,,,export\models\cot_task_a_s45_aligned\training_log.json
126K,CoT,task_a,45,6,1.2493017435073852,,,,export\models\cot_task_a_s45_aligned\training_log.json
126K,CoT,task_a,45,7,1.1601534519195558,,,,export\models\cot_task_a_s45_aligned\training_log.json
126K,CoT,task_a,45,8,1.0580904750823974,,,,export\models\cot_task_a_s45_aligned\training_log.json
126K,CoT,task_a,45,9,0.9990854005813599,,,,export\models\cot_task_a_s45_aligned\training_log.json
126K,CoT,task_a,45,10,0.9677408308982849,,,,export\models\cot_task_a_s45_aligned\training_log.json
126K,CoT,task_a,45,11,0.9392735171318054,,,,export\models\cot_task_a_s45_aligned\training_log.json
126K,CoT,task_a,45,12,0.9011888256072998,,,,export\models\cot_task_a_s45_aligned\training_log.json
126K,CoT,task_a,45,13,0.8640914049148559,,,,export\models\cot_task_a_s45_aligned\training_log.json
126K,CoT,task_a,45,14,0.8297492880821228,,,,export\models\cot_task_a_s45_aligned\training_log.json
126K,CoT,task_a,45,15,0.8000747652053833,,,,export\models\cot_task_a_s45_aligned\training_log.json
126K,CoT,task_a,45,16,0.770873987197876,,,,export\models\cot_task_a_s45_aligned\training_log.json
126K,CoT,task_a,45,17,0.7495583505630493,,,,export\models\cot_task_a_s45_aligned\training_log.json
126K,CoT,task_a,45,18,0.7278376121520996,,,,export\models\cot_task_a_s45_aligned\training_log.json
126K,CoT,task_a,45,19,0.7033165035247803,,,,export\models\cot_task_a_s45_aligned\training_log.json
126K,CoT,task_a,45,20,0.684356686592102,,,,export\models\cot_task_a_s45_aligned\training_log.json
126K,CoT,task_a,46,1,2.0509207668304446,,,,export\models\cot_task_a_s46_aligned\training_log.json
126K,CoT,task_a,46,2,1.633380566596985,,,,export\models\cot_task_a_s46_aligned\training_log.json
126K,CoT,task_a,46,3,1.5573652429580689,,,,export\models\cot_task_a_s46_aligned\training_log.json
126K,CoT,task_a,46,4,1.4574570875167847,,,,export\models\cot_task_a_s46_aligned\training_log.json
126K,CoT,task_a,46,5,1.3649230289459229,,,,export\models\cot_task_a_s46_aligned\training_log.json
126K,CoT,task_a,46,6,1.2796095075607299,,,,export\models\cot_task_a_s46_aligned\training_log.json
126K,CoT,task_a,46,7,1.2063030309677123,,,,export\models\cot_task_a_s46_aligned\training_log.json
126K,CoT,task_a,46,8,1.1362161169052123,,,,export\models\cot_task_a_s46_aligned\training_log.json
126K,CoT,task_a,46,9,1.072005069732666,,,,export\models\cot_task_a_s46_aligned\training_log.json
126K,CoT,task_a,46,10,1.0030791215896606,,,,export\models\cot_task_a_s46_aligned\training_log.json
126K,CoT,task_a,46,11,0.9307238779067993,,,,export\models\cot_task_a_s46_aligned\training_log.json
126K,CoT,task_a,46,12,0.8351854367256164,,,,export\models\cot_task_a_s46_aligned\training_log.json
126K,CoT,task_a,46,13,0.7704382510185241,,,,export\models\cot_task_a_s46_aligned\training_log.json
126K,CoT,task_a,46,14,0.7293521327972412,,,,export\models\cot_task_a_s46_aligned\training_log.json
126K,CoT,task_a,46,15,0.6932202634811402,,,,export\models\cot_task_a_s46_aligned\training_log.json
126K,CoT,task_a,46,16,0.6817316899299621,,,,export\models\cot_task_a_s46_aligned\training_log.json
126K,CoT,task_a,46,17,0.6726720428466797,,,,export\models\cot_task_a_s46_aligned\training_log.json
126K,CoT,task_a,46,18,0.6642423763275146,,,,export\models\cot_task_a_s46_aligned\training_log.json
126K,CoT,task_a,46,19,0.658011519908905,,,,export\models\cot_task_a_s46_aligned\training_log.json
126K,CoT,task_a,46,20,0.6563124961853027,,,,export\models\cot_task_a_s46_aligned\training_log.json
126K,CoT,task_b,42,1,2.1006302843093874,,,,export\models\cot_task_b_s42_aligned\training_log.json
126K,CoT,task_b,42,2,1.8399773502349854,,,,export\models\cot_task_b_s42_aligned\training_log.json
126K,CoT,task_b,42,3,1.812169083595276,,,,export\models\cot_task_b_s42_aligned\training_log.json
126K,CoT,task_b,42,4,1.7856036233901977,,,,export\models\cot_task_b_s42_aligned\training_log.json
126K,CoT,task_b,42,5,1.754982131958008,,,,export\models\cot_task_b_s42_aligned\training_log.json
126K,CoT,task_b,42,6,1.740351770401001,,,,export\models\cot_task_b_s42_aligned\training_log.json
126K,CoT,task_b,42,7,1.728997546195984,,,,export\models\cot_task_b_s42_aligned\training_log.json
126K,CoT,task_b,42,8,1.7253141536712646,,,,export\models\cot_task_b_s42_aligned\training_log.json
126K,CoT,task_b,42,9,1.7211852359771729,,,,export\models\cot_task_b_s42_aligned\training_log.json
126K,CoT,task_b,42,10,1.7181804180145264,,,,export\models\cot_task_b_s42_aligned\training_log.json
126K,CoT,task_b,42,11,1.7130940647125243,,,,export\models\cot_task_b_s42_aligned\training_log.json
126K,CoT,task_b,42,12,1.7106851024627685,,,,export\models\cot_task_b_s42_aligned\training_log.json
126K,CoT,task_b,42,13,1.7063096055984497,,,,export\models\cot_task_b_s42_aligned\training_log.json
126K,CoT,task_b,42,14,1.6975412187576293,,,,export\models\cot_task_b_s42_aligned\training_log.json
126K,CoT,task_b,42,15,1.688694248199463,,,,export\models\cot_task_b_s42_aligned\training_log.json
126K,CoT,task_b,42,16,1.679852087020874,,,,export\models\cot_task_b_s42_aligned\training_log.json
126K,CoT,task_b,42,17,1.6638648118972779,,,,export\models\cot_task_b_s42_aligned\training_log.json
126K,CoT,task_b,42,18,1.6501129217147827,,,,export\models\cot_task_b_s42_aligned\training_log.json
126K,CoT,task_b,42,19,1.6288398723602295,,,,export\models\cot_task_b_s42_aligned\training_log.json
126K,CoT,task_b,42,20,1.614364149093628,,,,export\models\cot_task_b_s42_aligned\training_log.json
126K,CoT,task_b,42,1,1.0411599120683968,,,,export\models\cot_task_b_s42_end_to_end\training_log.json
126K,CoT,task_b,43,1,2.0843118410110475,,,,export\models\cot_task_b_s43_aligned\training_log.json
126K,CoT,task_b,43,2,1.8381770133972168,,,,export\models\cot_task_b_s43_aligned\training_log.json
126K,CoT,task_b,43,3,1.8101141366958617,,,,export\models\cot_task_b_s43_aligned\training_log.json
126K,CoT,task_b,43,4,1.794593285560608,,,,export\models\cot_task_b_s43_aligned\training_log.json
126K,CoT,task_b,43,5,1.774391291618347,,,,export\models\cot_task_b_s43_aligned\training_log.json
126K,CoT,task_b,43,6,1.752054368019104,,,,export\models\cot_task_b_s43_aligned\training_log.json
126K,CoT,task_b,43,7,1.7372296409606933,,,,export\models\cot_task_b_s43_aligned\training_log.json
126K,CoT,task_b,43,8,1.7284718236923218,,,,export\models\cot_task_b_s43_aligned\training_log.json
126K,CoT,task_b,43,9,1.7243828372955323,,,,export\models\cot_task_b_s43_aligned\training_log.json
126K,CoT,task_b,43,10,1.7167683715820312,,,,export\models\cot_task_b_s43_aligned\training_log.json
126K,CoT,task_b,43,11,1.7131328029632569,,,,export\models\cot_task_b_s43_aligned\training_log.json
126K,CoT,task_b,43,12,1.7086681728363038,,,,export\models\cot_task_b_s43_aligned\training_log.json
126K,CoT,task_b,43,13,1.7037565994262696,,,,export\models\cot_task_b_s43_aligned\training_log.json
126K,CoT,task_b,43,14,1.6935768356323242,,,,export\models\cot_task_b_s43_aligned\training_log.json
126K,CoT,task_b,43,15,1.6827939443588258,,,,export\models\cot_task_b_s43_aligned\training_log.json
126K,CoT,task_b,43,16,1.6730368528366089,,,,export\models\cot_task_b_s43_aligned\training_log.json
126K,CoT,task_b,43,17,1.6621761655807494,,,,export\models\cot_task_b_s43_aligned\training_log.json
126K,CoT,task_b,43,18,1.6496817560195922,,,,export\models\cot_task_b_s43_aligned\training_log.json
126K,CoT,task_b,43,19,1.6328172540664674,,,,export\models\cot_task_b_s43_aligned\training_log.json
126K,CoT,task_b,43,20,1.61485560131073,,,,export\models\cot_task_b_s43_aligned\training_log.json
126K,CoT,task_b,44,1,2.0969744453430175,,,,export\models\cot_task_b_s44_aligned\training_log.json
126K,CoT,task_b,44,2,1.8406674537658692,,,,export\models\cot_task_b_s44_aligned\training_log.json
126K,CoT,task_b,44,3,1.811417498588562,,,,export\models\cot_task_b_s44_aligned\training_log.json
126K,CoT,task_b,44,4,1.7677043552398681,,,,export\models\cot_task_b_s44_aligned\training_log.json
126K,CoT,task_b,44,5,1.7439425897598266,,,,export\models\cot_task_b_s44_aligned\training_log.json
126K,CoT,task_b,44,6,1.7339439611434937,,,,export\models\cot_task_b_s44_aligned\training_log.json
126K,CoT,task_b,44,7,1.7276306762695313,,,,export\models\cot_task_b_s44_aligned\training_log.json
126K,CoT,task_b,44,8,1.72186714553833,,,,export\models\cot_task_b_s44_aligned\training_log.json
126K,CoT,task_b,44,9,1.7171183395385743,,,,export\models\cot_task_b_s44_aligned\training_log.json
126K,CoT,task_b,44,10,1.7117760944366456,,,,export\models\cot_task_b_s44_aligned\training_log.json
126K,CoT,task_b,44,11,1.7065871334075928,,,,export\models\cot_task_b_s44_aligned\training_log.json
126K,CoT,task_b,44,12,1.6958436307907105,,,,export\models\cot_task_b_s44_aligned\training_log.json
126K,CoT,task_b,44,13,1.6906116771697999,,,,export\models\cot_task_b_s44_aligned\training_log.json
126K,CoT,task_b,44,14,1.681054877281189,,,,export\models\cot_task_b_s44_aligned\training_log.json
126K,CoT,task_b,44,15,1.669990740776062,,,,export\models\cot_task_b_s44_aligned\training_log.json
126K,CoT,task_b,44,16,1.6572896814346314,,,,export\models\cot_task_b_s44_aligned\training_log.json
126K,CoT,task_b,44,17,1.6436891098022461,,,,export\models\cot_task_b_s44_aligned\training_log.json
126K,CoT,task_b,44,18,1.6282598543167115,,,,export\models\cot_task_b_s44_aligned\training_log.json
126K,CoT,task_b,44,19,1.6097011318206786,,,,export\models\cot_task_b_s44_aligned\training_log.json
126K,CoT,task_b,44,20,1.589787278175354,,,,export\models\cot_task_b_s44_aligned\training_log.json
126K,CoT,task_b,45,1,2.0853944034576415,,,,export\models\cot_task_b_s45_aligned\training_log.json
126K,CoT,task_b,45,2,1.8444606885910033,,,,export\models\cot_task_b_s45_aligned\training_log.json
126K,CoT,task_b,45,3,1.809971245765686,,,,export\models\cot_task_b_s45_aligned\training_log.json
126K,CoT,task_b,45,4,1.7669923877716065,,,,export\models\cot_task_b_s45_aligned\training_log.json
126K,CoT,task_b,45,5,1.7443875732421874,,,,export\models\cot_task_b_s45_aligned\training_log.json
126K,CoT,task_b,45,6,1.7306430196762086,,,,export\models\cot_task_b_s45_aligned\training_log.json
126K,CoT,task_b,45,7,1.7256535902023316,,,,export\models\cot_task_b_s45_aligned\training_log.json
126K,CoT,task_b,45,8,1.7205183267593385,,,,export\models\cot_task_b_s45_aligned\training_log.json
126K,CoT,task_b,45,9,1.714807144165039,,,,export\models\cot_task_b_s45_aligned\training_log.json
126K,CoT,task_b,45,10,1.7111657075881959,,,,export\models\cot_task_b_s45_aligned\training_log.json
126K,CoT,task_b,45,11,1.7053958654403687,,,,export\models\cot_task_b_s45_aligned\training_log.json
126K,CoT,task_b,45,12,1.6992589855194091,,,,export\models\cot_task_b_s45_aligned\training_log.json
126K,CoT,task_b,45,13,1.6916858024597168,,,,export\models\cot_task_b_s45_aligned\training_log.json
126K,CoT,task_b,45,14,1.6818576202392579,,,,export\models\cot_task_b_s45_aligned\training_log.json
126K,CoT,task_b,45,15,1.6702425889968873,,,,export\models\cot_task_b_s45_aligned\training_log.json
126K,CoT,task_b,45,16,1.664023148536682,,,,export\models\cot_task_b_s45_aligned\training_log.json
126K,CoT,task_b,45,17,1.6531282291412353,,,,export\models\cot_task_b_s45_aligned\training_log.json
126K,CoT,task_b,45,18,1.6394287586212157,,,,export\models\cot_task_b_s45_aligned\training_log.json
126K,CoT,task_b,45,19,1.6215068206787109,,,,export\models\cot_task_b_s45_aligned\training_log.json
126K,CoT,task_b,45,20,1.5974142093658448,,,,export\models\cot_task_b_s45_aligned\training_log.json
126K,CoT,task_b,46,1,2.076846918106079,,,,export\models\cot_task_b_s46_aligned\training_log.json
126K,CoT,task_b,46,2,1.8290353012084961,,,,export\models\cot_task_b_s46_aligned\training_log.json
126K,CoT,task_b,46,3,1.807730007171631,,,,export\models\cot_task_b_s46_aligned\training_log.json
126K,CoT,task_b,46,4,1.7981434860229493,,,,export\models\cot_task_b_s46_aligned\training_log.json
126K,CoT,task_b,46,5,1.7753899307250978,,,,export\models\cot_task_b_s46_aligned\training_log.json
126K,CoT,task_b,46,6,1.7464310083389283,,,,export\models\cot_task_b_s46_aligned\training_log.json
126K,CoT,task_b,46,7,1.735582007408142,,,,export\models\cot_task_b_s46_aligned\training_log.json
126K,CoT,task_b,46,8,1.7264652128219604,,,,export\models\cot_task_b_s46_aligned\training_log.json
126K,CoT,task_b,46,9,1.723450698852539,,,,export\models\cot_task_b_s46_aligned\training_log.json
126K,CoT,task_b,46,10,1.7148175621032715,,,,export\models\cot_task_b_s46_aligned\training_log.json
126K,CoT,task_b,46,11,1.7081800050735474,,,,export\models\cot_task_b_s46_aligned\training_log.json
126K,CoT,task_b,46,12,1.7038386306762696,,,,export\models\cot_task_b_s46_aligned\training_log.json
126K,CoT,task_b,46,13,1.6986354742050171,,,,export\models\cot_task_b_s46_aligned\training_log.json
126K,CoT,task_b,46,14,1.6930088930130005,,,,export\models\cot_task_b_s46_aligned\training_log.json
126K,CoT,task_b,46,15,1.684586449623108,,,,export\models\cot_task_b_s46_aligned\training_log.json
126K,CoT,task_b,46,16,1.6743055057525635,,,,export\models\cot_task_b_s46_aligned\training_log.json
126K,CoT,task_b,46,17,1.6641983776092528,,,,export\models\cot_task_b_s46_aligned\training_log.json
126K,CoT,task_b,46,18,1.6537749967575073,,,,export\models\cot_task_b_s46_aligned\training_log.json
126K,CoT,task_b,46,19,1.6399688863754271,,,,export\models\cot_task_b_s46_aligned\training_log.json
126K,CoT,task_b,46,20,1.6188525896072388,,,,export\models\cot_task_b_s46_aligned\training_log.json
126K,Recurrent Latent,task_a,42,1,2.1477019681930543,,,,export\models\latent_task_a_s42_aligned\training_log.json
126K,Recurrent Latent,task_a,42,2,1.9908178873062135,,,,export\models\latent_task_a_s42_aligned\training_log.json
126K,Recurrent Latent,task_a,42,3,1.9626846923828125,,,,export\models\latent_task_a_s42_aligned\training_log.json
126K,Recurrent Latent,task_a,42,4,1.9520540571212768,,,,export\models\latent_task_a_s42_aligned\training_log.json
126K,Recurrent Latent,task_a,42,5,1.9439716634750366,,,,export\models\latent_task_a_s42_aligned\training_log.json
126K,Recurrent Latent,task_a,42,6,1.9370327978134154,,,,export\models\latent_task_a_s42_aligned\training_log.json
126K,Recurrent Latent,task_a,42,7,1.9310086374282838,,,,export\models\latent_task_a_s42_aligned\training_log.json
126K,Recurrent Latent,task_a,42,8,1.922395450592041,,,,export\models\latent_task_a_s42_aligned\training_log.json
126K,Recurrent Latent,task_a,42,9,1.9082217445373535,,,,export\models\latent_task_a_s42_aligned\training_log.json
126K,Recurrent Latent,task_a,42,10,1.9014594497680664,,,,export\models\latent_task_a_s42_aligned\training_log.json
126K,Recurrent Latent,task_a,42,11,1.8871216096878052,,,,export\models\latent_task_a_s42_aligned\training_log.json
126K,Recurrent Latent,task_a,42,12,1.8809380416870116,,,,export\models\latent_task_a_s42_aligned\training_log.json
126K,Recurrent Latent,task_a,42,13,1.8728177137374877,,,,export\models\latent_task_a_s42_aligned\training_log.json
126K,Recurrent Latent,task_a,42,14,1.8715214128494262,,,,export\models\latent_task_a_s42_aligned\training_log.json
126K,Recurrent Latent,task_a,42,15,1.8618225479125976,,,,export\models\latent_task_a_s42_aligned\training_log.json
126K,Recurrent Latent,task_a,42,16,1.8618867168426514,,,,export\models\latent_task_a_s42_aligned\training_log.json
126K,Recurrent Latent,task_a,42,17,1.853353509902954,,,,export\models\latent_task_a_s42_aligned\training_log.json
126K,Recurrent Latent,task_a,42,18,1.8395889472961426,,,,export\models\latent_task_a_s42_aligned\training_log.json
126K,Recurrent Latent,task_a,42,19,1.844595724105835,,,,export\models\latent_task_a_s42_aligned\training_log.json
126K,Recurrent Latent,task_a,42,20,1.834396466255188,,,,export\models\latent_task_a_s42_aligned\training_log.json
126K,Recurrent Latent,task_a,43,1,2.1561636304855347,,,,export\models\latent_task_a_s43_aligned\training_log.json
126K,Recurrent Latent,task_a,43,2,1.9964019775390625,,,,export\models\latent_task_a_s43_aligned\training_log.json
126K,Recurrent Latent,task_a,43,3,1.9572689952850342,,,,export\models\latent_task_a_s43_aligned\training_log.json
126K,Recurrent Latent,task_a,43,4,1.9511708679199218,,,,export\models\latent_task_a_s43_aligned\training_log.json
126K,Recurrent Latent,task_a,43,5,1.9421953716278075,,,,export\models\latent_task_a_s43_aligned\training_log.json
126K,Recurrent Latent,task_a,43,6,1.9321033458709718,,,,export\models\latent_task_a_s43_aligned\training_log.json
126K,Recurrent Latent,task_a,43,7,1.9214921340942384,,,,export\models\latent_task_a_s43_aligned\training_log.json
126K,Recurrent Latent,task_a,43,8,1.9177172718048097,,,,export\models\latent_task_a_s43_aligned\training_log.json
126K,Recurrent Latent,task_a,43,9,1.9167495861053467,,,,export\models\latent_task_a_s43_aligned\training_log.json
126K,Recurrent Latent,task_a,43,10,1.9097621812820436,,,,export\models\latent_task_a_s43_aligned\training_log.json
126K,Recurrent Latent,task_a,43,11,1.904466320991516,,,,export\models\latent_task_a_s43_aligned\training_log.json
126K,Recurrent Latent,task_a,43,12,1.89606436920166,,,,export\models\latent_task_a_s43_aligned\training_log.json
126K,Recurrent Latent,task_a,43,13,1.893836443901062,,,,export\models\latent_task_a_s43_aligned\training_log.json
126K,Recurrent Latent,task_a,43,14,1.888533763885498,,,,export\models\latent_task_a_s43_aligned\training_log.json
126K,Recurrent Latent,task_a,43,15,1.886548336982727,,,,export\models\latent_task_a_s43_aligned\training_log.json
126K,Recurrent Latent,task_a,43,16,1.8813741970062257,,,,export\models\latent_task_a_s43_aligned\training_log.json
126K,Recurrent Latent,task_a,43,17,1.8753191423416138,,,,export\models\latent_task_a_s43_aligned\training_log.json
126K,Recurrent Latent,task_a,43,18,1.8745018739700317,,,,export\models\latent_task_a_s43_aligned\training_log.json
126K,Recurrent Latent,task_a,43,19,1.8779139747619629,,,,export\models\latent_task_a_s43_aligned\training_log.json
126K,Recurrent Latent,task_a,43,20,1.8647580661773682,,,,export\models\latent_task_a_s43_aligned\training_log.json
126K,Recurrent Latent,task_a,44,1,2.1596509170532228,,,,export\models\latent_task_a_s44_aligned\training_log.json
126K,Recurrent Latent,task_a,44,2,1.9965386295318603,,,,export\models\latent_task_a_s44_aligned\training_log.json
126K,Recurrent Latent,task_a,44,3,1.9554019412994386,,,,export\models\latent_task_a_s44_aligned\training_log.json
126K,Recurrent Latent,task_a,44,4,1.950783634185791,,,,export\models\latent_task_a_s44_aligned\training_log.json
126K,Recurrent Latent,task_a,44,5,1.9483048725128174,,,,export\models\latent_task_a_s44_aligned\training_log.json
126K,Recurrent Latent,task_a,44,6,1.937980525970459,,,,export\models\latent_task_a_s44_aligned\training_log.json
126K,Recurrent Latent,task_a,44,7,1.9366170616149903,,,,export\models\latent_task_a_s44_aligned\training_log.json
126K,Recurrent Latent,task_a,44,8,1.9237002029418946,,,,export\models\latent_task_a_s44_aligned\training_log.json
126K,Recurrent Latent,task_a,44,9,1.905660626411438,,,,export\models\latent_task_a_s44_aligned\training_log.json
126K,Recurrent Latent,task_a,44,10,1.9017321166992187,,,,export\models\latent_task_a_s44_aligned\training_log.json
126K,Recurrent Latent,task_a,44,11,1.8971774291992187,,,,export\models\latent_task_a_s44_aligned\training_log.json
126K,Recurrent Latent,task_a,44,12,1.8906979007720948,,,,export\models\latent_task_a_s44_aligned\training_log.json
126K,Recurrent Latent,task_a,44,13,1.8795141620635987,,,,export\models\latent_task_a_s44_aligned\training_log.json
126K,Recurrent Latent,task_a,44,14,1.8861190977096558,,,,export\models\latent_task_a_s44_aligned\training_log.json
126K,Recurrent Latent,task_a,44,15,1.8842752752304077,,,,export\models\latent_task_a_s44_aligned\training_log.json
126K,Recurrent Latent,task_a,44,16,1.8800227394104003,,,,export\models\latent_task_a_s44_aligned\training_log.json
126K,Recurrent Latent,task_a,44,17,1.871934588432312,,,,export\models\latent_task_a_s44_aligned\training_log.json
126K,Recurrent Latent,task_a,44,18,1.8750890817642212,,,,export\models\latent_task_a_s44_aligned\training_log.json
126K,Recurrent Latent,task_a,44,19,1.8688685693740845,,,,export\models\latent_task_a_s44_aligned\training_log.json
126K,Recurrent Latent,task_a,44,20,1.8671685838699341,,,,export\models\latent_task_a_s44_aligned\training_log.json
126K,Recurrent Latent,task_a,45,1,2.150579418182373,,,,export\models\latent_task_a_s45_aligned\training_log.json
126K,Recurrent Latent,task_a,45,2,1.996880558013916,,,,export\models\latent_task_a_s45_aligned\training_log.json
126K,Recurrent Latent,task_a,45,3,1.9623002815246582,,,,export\models\latent_task_a_s45_aligned\training_log.json
126K,Recurrent Latent,task_a,45,4,1.9501995906829834,,,,export\models\latent_task_a_s45_aligned\training_log.json
126K,Recurrent Latent,task_a,45,5,1.9431023206710816,,,,export\models\latent_task_a_s45_aligned\training_log.json
126K,Recurrent Latent,task_a,45,6,1.93880775642395,,,,export\models\latent_task_a_s45_aligned\training_log.json
126K,Recurrent Latent,task_a,45,7,1.9288957843780516,,,,export\models\latent_task_a_s45_aligned\training_log.json
126K,Recurrent Latent,task_a,45,8,1.9221140489578248,,,,export\models\latent_task_a_s45_aligned\training_log.json
126K,Recurrent Latent,task_a,45,9,1.9206464490890502,,,,export\models\latent_task_a_s45_aligned\training_log.json
126K,Recurrent Latent,task_a,45,10,1.9119839305877686,,,,export\models\latent_task_a_s45_aligned\training_log.json
126K,Recurrent Latent,task_a,45,11,1.9077594356536864,,,,export\models\latent_task_a_s45_aligned\training_log.json
126K,Recurrent Latent,task_a,45,12,1.8915122108459472,,,,export\models\latent_task_a_s45_aligned\training_log.json
126K,Recurrent Latent,task_a,45,13,1.8885447235107422,,,,export\models\latent_task_a_s45_aligned\training_log.json
126K,Recurrent Latent,task_a,45,14,1.8807336683273315,,,,export\models\latent_task_a_s45_aligned\training_log.json
126K,Recurrent Latent,task_a,45,15,1.874569531440735,,,,export\models\latent_task_a_s45_aligned\training_log.json
126K,Recurrent Latent,task_a,45,16,1.8484233160018921,,,,export\models\latent_task_a_s45_aligned\training_log.json
126K,Recurrent Latent,task_a,45,17,1.818174708366394,,,,export\models\latent_task_a_s45_aligned\training_log.json
126K,Recurrent Latent,task_a,45,18,1.7997871494293214,,,,export\models\latent_task_a_s45_aligned\training_log.json
126K,Recurrent Latent,task_a,45,19,1.7832210464477538,,,,export\models\latent_task_a_s45_aligned\training_log.json
126K,Recurrent Latent,task_a,45,20,1.7643869552612306,,,,export\models\latent_task_a_s45_aligned\training_log.json
126K,Recurrent Latent,task_a,46,1,2.144125654220581,,,,export\models\latent_task_a_s46_aligned\training_log.json
126K,Recurrent Latent,task_a,46,2,1.9921780843734742,,,,export\models\latent_task_a_s46_aligned\training_log.json
126K,Recurrent Latent,task_a,46,3,1.9603944292068483,,,,export\models\latent_task_a_s46_aligned\training_log.json
126K,Recurrent Latent,task_a,46,4,1.9544427165985108,,,,export\models\latent_task_a_s46_aligned\training_log.json
126K,Recurrent Latent,task_a,46,5,1.9416532888412477,,,,export\models\latent_task_a_s46_aligned\training_log.json
126K,Recurrent Latent,task_a,46,6,1.9453505153656006,,,,export\models\latent_task_a_s46_aligned\training_log.json
126K,Recurrent Latent,task_a,46,7,1.9349040880203248,,,,export\models\latent_task_a_s46_aligned\training_log.json
126K,Recurrent Latent,task_a,46,8,1.9308018989562987,,,,export\models\latent_task_a_s46_aligned\training_log.json
126K,Recurrent Latent,task_a,46,9,1.9298750410079957,,,,export\models\latent_task_a_s46_aligned\training_log.json
126K,Recurrent Latent,task_a,46,10,1.9302065668106079,,,,export\models\latent_task_a_s46_aligned\training_log.json
126K,Recurrent Latent,task_a,46,11,1.9198474044799805,,,,export\models\latent_task_a_s46_aligned\training_log.json
126K,Recurrent Latent,task_a,46,12,1.919412094116211,,,,export\models\latent_task_a_s46_aligned\training_log.json
126K,Recurrent Latent,task_a,46,13,1.9036233263015747,,,,export\models\latent_task_a_s46_aligned\training_log.json
126K,Recurrent Latent,task_a,46,14,1.9015265531539918,,,,export\models\latent_task_a_s46_aligned\training_log.json
126K,Recurrent Latent,task_a,46,15,1.8961589822769165,,,,export\models\latent_task_a_s46_aligned\training_log.json
126K,Recurrent Latent,task_a,46,16,1.8934163904190064,,,,export\models\latent_task_a_s46_aligned\training_log.json
126K,Recurrent Latent,task_a,46,17,1.8869122714996338,,,,export\models\latent_task_a_s46_aligned\training_log.json
126K,Recurrent Latent,task_a,46,18,1.8810792598724366,,,,export\models\latent_task_a_s46_aligned\training_log.json
126K,Recurrent Latent,task_a,46,19,1.8737502956390382,,,,export\models\latent_task_a_s46_aligned\training_log.json
126K,Recurrent Latent,task_a,46,20,1.8635613718032837,,,,export\models\latent_task_a_s46_aligned\training_log.json
126K,Recurrent Latent,task_b,42,1,2.3440219478607176,,,,export\models\latent_task_b_s42_aligned\training_log.json
126K,Recurrent Latent,task_b,42,2,2.2852579555511476,,,,export\models\latent_task_b_s42_aligned\training_log.json
126K,Recurrent Latent,task_b,42,3,2.2799652347564696,,,,export\models\latent_task_b_s42_aligned\training_log.json
126K,Recurrent Latent,task_b,42,4,2.278763940811157,,,,export\models\latent_task_b_s42_aligned\training_log.json
126K,Recurrent Latent,task_b,42,5,2.2610689086914064,,,,export\models\latent_task_b_s42_aligned\training_log.json
126K,Recurrent Latent,task_b,42,6,2.233017026901245,,,,export\models\latent_task_b_s42_aligned\training_log.json
126K,Recurrent Latent,task_b,42,7,2.2060298347473144,,,,export\models\latent_task_b_s42_aligned\training_log.json
126K,Recurrent Latent,task_b,42,8,2.1900760669708252,,,,export\models\latent_task_b_s42_aligned\training_log.json
126K,Recurrent Latent,task_b,42,9,2.169671403884888,,,,export\models\latent_task_b_s42_aligned\training_log.json
126K,Recurrent Latent,task_b,42,10,2.1511357555389403,,,,export\models\latent_task_b_s42_aligned\training_log.json
126K,Recurrent Latent,task_b,42,11,2.120572826385498,,,,export\models\latent_task_b_s42_aligned\training_log.json
126K,Recurrent Latent,task_b,42,12,2.0519710092544554,,,,export\models\latent_task_b_s42_aligned\training_log.json
126K,Recurrent Latent,task_b,42,13,1.9793643579483031,,,,export\models\latent_task_b_s42_aligned\training_log.json
126K,Recurrent Latent,task_b,42,14,1.9287471160888672,,,,export\models\latent_task_b_s42_aligned\training_log.json
126K,Recurrent Latent,task_b,42,15,1.8703955326080322,,,,export\models\latent_task_b_s42_aligned\training_log.json
126K,Recurrent Latent,task_b,42,16,1.8411222639083862,,,,export\models\latent_task_b_s42_aligned\training_log.json
126K,Recurrent Latent,task_b,42,17,1.7955947179794312,,,,export\models\latent_task_b_s42_aligned\training_log.json
126K,Recurrent Latent,task_b,42,18,1.7532611122131347,,,,export\models\latent_task_b_s42_aligned\training_log.json
126K,Recurrent Latent,task_b,42,19,1.7040357103347779,,,,export\models\latent_task_b_s42_aligned\training_log.json
126K,Recurrent Latent,task_b,42,20,1.6408287525177,,,,export\models\latent_task_b_s42_aligned\training_log.json
126K,Recurrent Latent,task_b,42,1,2.3522756538391114,,,,export\models\latent_task_b_s42_end_to_end\training_log.json
126K,Recurrent Latent,task_b,43,1,2.3595310192108156,,,,export\models\latent_task_b_s43_aligned\training_log.json
126K,Recurrent Latent,task_b,43,2,2.2909771022796632,,,,export\models\latent_task_b_s43_aligned\training_log.json
126K,Recurrent Latent,task_b,43,3,2.28236145401001,,,,export\models\latent_task_b_s43_aligned\training_log.json
126K,Recurrent Latent,task_b,43,4,2.2743221855163576,,,,export\models\latent_task_b_s43_aligned\training_log.json
126K,Recurrent Latent,task_b,43,5,2.2473683109283447,,,,export\models\latent_task_b_s43_aligned\training_log.json
126K,Recurrent Latent,task_b,43,6,2.2249084815979003,,,,export\models\latent_task_b_s43_aligned\training_log.json
126K,Recurrent Latent,task_b,43,7,2.2086035652160643,,,,export\models\latent_task_b_s43_aligned\training_log.json
126K,Recurrent Latent,task_b,43,8,2.1901126079559328,,,,export\models\latent_task_b_s43_aligned\training_log.json
126K,Recurrent Latent,task_b,43,9,2.1665493755340575,,,,export\models\latent_task_b_s43_aligned\training_log.json
126K,Recurrent Latent,task_b,43,10,2.137264726638794,,,,export\models\latent_task_b_s43_aligned\training_log.json
126K,Recurrent Latent,task_b,43,11,2.0924527263641357,,,,export\models\latent_task_b_s43_aligned\training_log.json
126K,Recurrent Latent,task_b,43,12,2.0284680376052857,,,,export\models\latent_task_b_s43_aligned\training_log.json
126K,Recurrent Latent,task_b,43,13,1.9856687355041505,,,,export\models\latent_task_b_s43_aligned\training_log.json
126K,Recurrent Latent,task_b,43,14,1.937459002494812,,,,export\models\latent_task_b_s43_aligned\training_log.json
126K,Recurrent Latent,task_b,43,15,1.8616108322143554,,,,export\models\latent_task_b_s43_aligned\training_log.json
126K,Recurrent Latent,task_b,43,16,1.741038875579834,,,,export\models\latent_task_b_s43_aligned\training_log.json
126K,Recurrent Latent,task_b,43,17,1.6427550888061524,,,,export\models\latent_task_b_s43_aligned\training_log.json
126K,Recurrent Latent,task_b,43,18,1.5676438159942627,,,,export\models\latent_task_b_s43_aligned\training_log.json
126K,Recurrent Latent,task_b,43,19,1.5088875999450684,,,,export\models\latent_task_b_s43_aligned\training_log.json
126K,Recurrent Latent,task_b,43,20,1.4538088855743407,,,,export\models\latent_task_b_s43_aligned\training_log.json
126K,Recurrent Latent,task_b,44,1,2.3522078227996825,,,,export\models\latent_task_b_s44_aligned\training_log.json
126K,Recurrent Latent,task_b,44,2,2.290607542037964,,,,export\models\latent_task_b_s44_aligned\training_log.json
126K,Recurrent Latent,task_b,44,3,2.2851294059753418,,,,export\models\latent_task_b_s44_aligned\training_log.json
126K,Recurrent Latent,task_b,44,4,2.2801767921447755,,,,export\models\latent_task_b_s44_aligned\training_log.json
126K,Recurrent Latent,task_b,44,5,2.2519369926452635,,,,export\models\latent_task_b_s44_aligned\training_log.json
126K,Recurrent Latent,task_b,44,6,2.220963222503662,,,,export\models\latent_task_b_s44_aligned\training_log.json
126K,Recurrent Latent,task_b,44,7,2.204648500442505,,,,export\models\latent_task_b_s44_aligned\training_log.json
126K,Recurrent Latent,task_b,44,8,2.1896188697814942,,,,export\models\latent_task_b_s44_aligned\training_log.json
126K,Recurrent Latent,task_b,44,9,2.1732936935424805,,,,export\models\latent_task_b_s44_aligned\training_log.json
126K,Recurrent Latent,task_b,44,10,2.153848810195923,,,,export\models\latent_task_b_s44_aligned\training_log.json
126K,Recurrent Latent,task_b,44,11,2.1147643203735353,,,,export\models\latent_task_b_s44_aligned\training_log.json
126K,Recurrent Latent,task_b,44,12,2.0333632040023804,,,,export\models\latent_task_b_s44_aligned\training_log.json
126K,Recurrent Latent,task_b,44,13,1.973069754600525,,,,export\models\latent_task_b_s44_aligned\training_log.json
126K,Recurrent Latent,task_b,44,14,1.9179355325698852,,,,export\models\latent_task_b_s44_aligned\training_log.json
126K,Recurrent Latent,task_b,44,15,1.8584296865463257,,,,export\models\latent_task_b_s44_aligned\training_log.json
126K,Recurrent Latent,task_b,44,16,1.799274577140808,,,,export\models\latent_task_b_s44_aligned\training_log.json
126K,Recurrent Latent,task_b,44,17,1.736261212348938,,,,export\models\latent_task_b_s44_aligned\training_log.json
126K,Recurrent Latent,task_b,44,18,1.6424051113128662,,,,export\models\latent_task_b_s44_aligned\training_log.json
126K,Recurrent Latent,task_b,44,19,1.5125183601379395,,,,export\models\latent_task_b_s44_aligned\training_log.json
126K,Recurrent Latent,task_b,44,20,1.3394692907333374,,,,export\models\latent_task_b_s44_aligned\training_log.json
126K,Recurrent Latent,task_b,45,1,2.3391733589172365,,,,export\models\latent_task_b_s45_aligned\training_log.json
126K,Recurrent Latent,task_b,45,2,2.2834041500091553,,,,export\models\latent_task_b_s45_aligned\training_log.json
126K,Recurrent Latent,task_b,45,3,2.277561861038208,,,,export\models\latent_task_b_s45_aligned\training_log.json
126K,Recurrent Latent,task_b,45,4,2.275922113418579,,,,export\models\latent_task_b_s45_aligned\training_log.json
126K,Recurrent Latent,task_b,45,5,2.2620204372406008,,,,export\models\latent_task_b_s45_aligned\training_log.json
126K,Recurrent Latent,task_b,45,6,2.227712247848511,,,,export\models\latent_task_b_s45_aligned\training_log.json
126K,Recurrent Latent,task_b,45,7,2.2095618896484375,,,,export\models\latent_task_b_s45_aligned\training_log.json
126K,Recurrent Latent,task_b,45,8,2.1925802097320557,,,,export\models\latent_task_b_s45_aligned\training_log.json
126K,Recurrent Latent,task_b,45,9,2.178242401123047,,,,export\models\latent_task_b_s45_aligned\training_log.json
126K,Recurrent Latent,task_b,45,10,2.136061752319336,,,,export\models\latent_task_b_s45_aligned\training_log.json
126K,Recurrent Latent,task_b,45,11,2.078196216583252,,,,export\models\latent_task_b_s45_aligned\training_log.json
126K,Recurrent Latent,task_b,45,12,2.0149447269439698,,,,export\models\latent_task_b_s45_aligned\training_log.json
126K,Recurrent Latent,task_b,45,13,1.9539056329727174,,,,export\models\latent_task_b_s45_aligned\training_log.json
126K,Recurrent Latent,task_b,45,14,1.89324160861969,,,,export\models\latent_task_b_s45_aligned\training_log.json
126K,Recurrent Latent,task_b,45,15,1.8072551174163818,,,,export\models\latent_task_b_s45_aligned\training_log.json
126K,Recurrent Latent,task_b,45,16,1.7318237028121948,,,,export\models\latent_task_b_s45_aligned\training_log.json
126K,Recurrent Latent,task_b,45,17,1.6461380043029785,,,,export\models\latent_task_b_s45_aligned\training_log.json
126K,Recurrent Latent,task_b,45,18,1.5474912586212157,,,,export\models\latent_task_b_s45_aligned\training_log.json
126K,Recurrent Latent,task_b,45,19,1.4673188257217407,,,,export\models\latent_task_b_s45_aligned\training_log.json
126K,Recurrent Latent,task_b,45,20,1.4215206632614135,,,,export\models\latent_task_b_s45_aligned\training_log.json
126K,Recurrent Latent,task_b,46,1,2.3406415061950683,,,,export\models\latent_task_b_s46_aligned\training_log.json
126K,Recurrent Latent,task_b,46,2,2.29071785736084,,,,export\models\latent_task_b_s46_aligned\training_log.json
126K,Recurrent Latent,task_b,46,3,2.2883815746307374,,,,export\models\latent_task_b_s46_aligned\training_log.json
126K,Recurrent Latent,task_b,46,4,2.2790759563446046,,,,export\models\latent_task_b_s46_aligned\training_log.json
126K,Recurrent Latent,task_b,46,5,2.2648338890075683,,,,export\models\latent_task_b_s46_aligned\training_log.json
126K,Recurrent Latent,task_b,46,6,2.2362210922241212,,,,export\models\latent_task_b_s46_aligned\training_log.json
126K,Recurrent Latent,task_b,46,7,2.221784944534302,,,,export\models\latent_task_b_s46_aligned\training_log.json
126K,Recurrent Latent,task_b,46,8,2.1927610759735106,,,,export\models\latent_task_b_s46_aligned\training_log.json
126K,Recurrent Latent,task_b,46,9,2.162641918182373,,,,export\models\latent_task_b_s46_aligned\training_log.json
126K,Recurrent Latent,task_b,46,10,2.1421005554199217,,,,export\models\latent_task_b_s46_aligned\training_log.json
126K,Recurrent Latent,task_b,46,11,2.1090759944915773,,,,export\models\latent_task_b_s46_aligned\training_log.json
126K,Recurrent Latent,task_b,46,12,2.043501066207886,,,,export\models\latent_task_b_s46_aligned\training_log.json
126K,Recurrent Latent,task_b,46,13,1.967029128074646,,,,export\models\latent_task_b_s46_aligned\training_log.json
126K,Recurrent Latent,task_b,46,14,1.8993144454956055,,,,export\models\latent_task_b_s46_aligned\training_log.json
126K,Recurrent Latent,task_b,46,15,1.853737745285034,,,,export\models\latent_task_b_s46_aligned\training_log.json
126K,Recurrent Latent,task_b,46,16,1.8246818981170654,,,,export\models\latent_task_b_s46_aligned\training_log.json
126K,Recurrent Latent,task_b,46,17,1.7666164770126342,,,,export\models\latent_task_b_s46_aligned\training_log.json
126K,Recurrent Latent,task_b,46,18,1.6928031826019287,,,,export\models\latent_task_b_s46_aligned\training_log.json
126K,Recurrent Latent,task_b,46,19,1.586342122077942,,,,export\models\latent_task_b_s46_aligned\training_log.json
126K,Recurrent Latent,task_b,46,20,1.4531163625717163,,,,export\models\latent_task_b_s46_aligned\training_log.json
1M,CoT,task_a,42,1,1.822867790222168,,,,export\models_1m\cot_task_a_s42_aligned\training_log.json
1M,CoT,task_a,42,2,1.6213845443725585,,,,export\models_1m\cot_task_a_s42_aligned\training_log.json
1M,CoT,task_a,42,3,1.54341996383667,,,,export\models_1m\cot_task_a_s42_aligned\training_log.json
1M,CoT,task_a,42,4,1.4639573183059693,,,,export\models_1m\cot_task_a_s42_aligned\training_log.json
1M,CoT,task_a,42,5,1.4155473136901855,,,,export\models_1m\cot_task_a_s42_aligned\training_log.json
1M,CoT,task_a,42,6,1.3406349992752076,,,,export\models_1m\cot_task_a_s42_aligned\training_log.json
1M,CoT,task_a,42,7,1.295029592514038,,,,export\models_1m\cot_task_a_s42_aligned\training_log.json
1M,CoT,task_a,42,8,1.2507326583862304,,,,export\models_1m\cot_task_a_s42_aligned\training_log.json
1M,CoT,task_a,42,9,1.2001184959411622,,,,export\models_1m\cot_task_a_s42_aligned\training_log.json
1M,CoT,task_a,42,10,1.1330875177383424,,,,export\models_1m\cot_task_a_s42_aligned\training_log.json
1M,CoT,task_a,42,11,1.0434366183280945,,,,export\models_1m\cot_task_a_s42_aligned\training_log.json
1M,CoT,task_a,42,12,0.9733814449310303,,,,export\models_1m\cot_task_a_s42_aligned\training_log.json
1M,CoT,task_a,42,13,0.909971649646759,,,,export\models_1m\cot_task_a_s42_aligned\training_log.json
1M,CoT,task_a,42,14,0.8720191030502319,,,,export\models_1m\cot_task_a_s42_aligned\training_log.json
1M,CoT,task_a,42,15,0.8431372327804565,,,,export\models_1m\cot_task_a_s42_aligned\training_log.json
1M,CoT,task_a,42,16,0.8229859900474549,,,,export\models_1m\cot_task_a_s42_aligned\training_log.json
1M,CoT,task_a,42,17,0.8013432598114014,,,,export\models_1m\cot_task_a_s42_aligned\training_log.json
1M,CoT,task_a,42,18,0.7848940048217773,,,,export\models_1m\cot_task_a_s42_aligned\training_log.json
1M,CoT,task_a,42,19,0.7713717269897461,,,,export\models_1m\cot_task_a_s42_aligned\training_log.json
1M,CoT,task_a,42,20,0.7634468836784363,,,,export\models_1m\cot_task_a_s42_aligned\training_log.json
1M,CoT,task_a,43,1,1.8113768310546876,,,,export\models_1m\cot_task_a_s43_aligned\training_log.json
1M,CoT,task_a,43,2,1.6194250383377076,,,,export\models_1m\cot_task_a_s43_aligned\training_log.json
1M,CoT,task_a,43,3,1.5885649871826173,,,,export\models_1m\cot_task_a_s43_aligned\training_log.json
1M,CoT,task_a,43,4,1.4792443294525146,,,,export\models_1m\cot_task_a_s43_aligned\training_log.json
1M,CoT,task_a,43,5,1.4291069145202637,,,,export\models_1m\cot_task_a_s43_aligned\training_log.json
1M,CoT,task_a,43,6,1.3638798427581786,,,,export\models_1m\cot_task_a_s43_aligned\training_log.json
1M,CoT,task_a,43,7,1.222685004234314,,,,export\models_1m\cot_task_a_s43_aligned\training_log.json
1M,CoT,task_a,43,8,1.0174817008972168,,,,export\models_1m\cot_task_a_s43_aligned\training_log.json
1M,CoT,task_a,43,9,0.7754879202842713,,,,export\models_1m\cot_task_a_s43_aligned\training_log.json
1M,CoT,task_a,43,10,0.703110655784607,,,,export\models_1m\cot_task_a_s43_aligned\training_log.json
1M,CoT,task_a,43,11,0.6842869973182678,,,,export\models_1m\cot_task_a_s43_aligned\training_log.json
1M,CoT,task_a,43,12,0.6677752723693847,,,,export\models_1m\cot_task_a_s43_aligned\training_log.json
1M,CoT,task_a,43,13,0.6603730621337891,,,,export\models_1m\cot_task_a_s43_aligned\training_log.json
1M,CoT,task_a,43,14,0.6522216868400573,,,,export\models_1m\cot_task_a_s43_aligned\training_log.json
1M,CoT,task_a,43,15,0.6520228972434997,,,,export\models_1m\cot_task_a_s43_aligned\training_log.json
1M,CoT,task_a,43,16,0.6504401216506958,,,,export\models_1m\cot_task_a_s43_aligned\training_log.json
1M,CoT,task_a,43,17,0.6462225241661071,,,,export\models_1m\cot_task_a_s43_aligned\training_log.json
1M,CoT,task_a,43,18,0.6430481939315796,,,,export\models_1m\cot_task_a_s43_aligned\training_log.json
1M,CoT,task_a,43,19,0.6439620003700256,,,,export\models_1m\cot_task_a_s43_aligned\training_log.json
1M,CoT,task_a,43,20,0.6410483889579773,,,,export\models_1m\cot_task_a_s43_aligned\training_log.json
1M,CoT,task_a,44,1,1.8305153255462647,,,,export\models_1m\cot_task_a_s44_aligned\training_log.json
1M,CoT,task_a,44,2,1.5958368215560914,,,,export\models_1m\cot_task_a_s44_aligned\training_log.json
1M,CoT,task_a,44,3,1.5270236806869506,,,,export\models_1m\cot_task_a_s44_aligned\training_log.json
1M,CoT,task_a,44,4,1.4330519075393677,,,,export\models_1m\cot_task_a_s44_aligned\training_log.json
1M,CoT,task_a,44,5,1.322243803024292,,,,export\models_1m\cot_task_a_s44_aligned\training_log.json
1M,CoT,task_a,44,6,1.1868142395019532,,,,export\models_1m\cot_task_a_s44_aligned\training_log.json
1M,CoT,task_a,44,7,0.9725996742248535,,,,export\models_1m\cot_task_a_s44_aligned\training_log.json
1M,CoT,task_a,44,8,0.8136043195724487,,,,export\models_1m\cot_task_a_s44_aligned\training_log.json
1M,CoT,task_a,44,9,0.7662147002220154,,,,export\models_1m\cot_task_a_s44_aligned\training_log.json
1M,CoT,task_a,44,10,0.7337066211700439,,,,export\models_1m\cot_task_a_s44_aligned\training_log.json
1M,CoT,task_a,44,11,0.7059745526313782,,,,export\models_1m\cot_task_a_s44_aligned\training_log.json
1M,CoT,task_a,44,12,0.6776067280769348,,,,export\models_1m\cot_task_a_s44_aligned\training_log.json
1M,CoT,task_a,44,13,0.6640348415374756,,,,export\models_1m\cot_task_a_s44_aligned\training_log.json
1M,CoT,task_a,44,14,0.6534120388031006,,,,export\models_1m\cot_task_a_s44_aligned\training_log.json
1M,CoT,task_a,44,15,0.6537932238578796,,,,export\models_1m\cot_task_a_s44_aligned\training_log.json
1M,CoT,task_a,44,16,0.6457716841697693,,,,export\models_1m\cot_task_a_s44_aligned\training_log.json
1M,CoT,task_a,44,17,0.6464605016708374,,,,export\models_1m\cot_task_a_s44_aligned\training_log.json
1M,CoT,task_a,44,18,0.6427386674880982,,,,export\models_1m\cot_task_a_s44_aligned\training_log.json
1M,CoT,task_a,44,19,0.6432921838760376,,,,export\models_1m\cot_task_a_s44_aligned\training_log.json
1M,CoT,task_a,44,20,0.6413574504852295,,,,export\models_1m\cot_task_a_s44_aligned\training_log.json
1M,CoT,task_a,45,1,1.8258847732543946,,,,export\models_1m\cot_task_a_s45_aligned\training_log.json
1M,CoT,task_a,45,2,1.5821204833984375,,,,export\models_1m\cot_task_a_s45_aligned\training_log.json
1M,CoT,task_a,45,3,1.4945882272720337,,,,export\models_1m\cot_task_a_s45_aligned\training_log.json
1M,CoT,task_a,45,4,1.4464006242752074,,,,export\models_1m\cot_task_a_s45_aligned\training_log.json
1M,CoT,task_a,45,5,1.343820324897766,,,,export\models_1m\cot_task_a_s45_aligned\training_log.json
1M,CoT,task_a,45,6,1.2526006002426147,,,,export\models_1m\cot_task_a_s45_aligned\training_log.json
1M,CoT,task_a,45,7,1.1756488513946532,,,,export\models_1m\cot_task_a_s45_aligned\training_log.json
1M,CoT,task_a,45,8,1.0731688561439514,,,,export\models_1m\cot_task_a_s45_aligned\training_log.json
1M,CoT,task_a,45,9,0.9463960385322571,,,,export\models_1m\cot_task_a_s45_aligned\training_log.json
1M,CoT,task_a,45,10,0.8478307638168335,,,,export\models_1m\cot_task_a_s45_aligned\training_log.json
1M,CoT,task_a,45,11,0.7994828329086304,,,,export\models_1m\cot_task_a_s45_aligned\training_log.json
1M,CoT,task_a,45,12,0.7512133665084839,,,,export\models_1m\cot_task_a_s45_aligned\training_log.json
1M,CoT,task_a,45,13,0.7073043265342712,,,,export\models_1m\cot_task_a_s45_aligned\training_log.json
1M,CoT,task_a,45,14,0.672241448879242,,,,export\models_1m\cot_task_a_s45_aligned\training_log.json
1M,CoT,task_a,45,15,0.6667396421432495,,,,export\models_1m\cot_task_a_s45_aligned\training_log.json
1M,CoT,task_a,45,16,0.6633003392219543,,,,export\models_1m\cot_task_a_s45_aligned\training_log.json
1M,CoT,task_a,45,17,0.6470551037788391,,,,export\models_1m\cot_task_a_s45_aligned\training_log.json
1M,CoT,task_a,45,18,0.648352460861206,,,,export\models_1m\cot_task_a_s45_aligned\training_log.json
1M,CoT,task_a,45,19,0.6503782768249512,,,,export\models_1m\cot_task_a_s45_aligned\training_log.json
1M,CoT,task_a,45,20,0.6561410512924194,,,,export\models_1m\cot_task_a_s45_aligned\training_log.json
1M,CoT,task_a,46,1,1.8099134273529052,,,,export\models_1m\cot_task_a_s46_aligned\training_log.json
1M,CoT,task_a,46,2,1.5971583137512206,,,,export\models_1m\cot_task_a_s46_aligned\training_log.json
1M,CoT,task_a,46,3,1.4444853925704957,,,,export\models_1m\cot_task_a_s46_aligned\training_log.json
1M,CoT,task_a,46,4,1.1686875410079955,,,,export\models_1m\cot_task_a_s46_aligned\training_log.json
1M,CoT,task_a,46,5,0.940205626487732,,,,export\models_1m\cot_task_a_s46_aligned\training_log.json
1M,CoT,task_a,46,6,0.81373473072052,,,,export\models_1m\cot_task_a_s46_aligned\training_log.json
1M,CoT,task_a,46,7,0.7336493873596192,,,,export\models_1m\cot_task_a_s46_aligned\training_log.json
1M,CoT,task_a,46,8,0.6885644373893738,,,,export\models_1m\cot_task_a_s46_aligned\training_log.json
1M,CoT,task_a,46,9,0.6659300775527954,,,,export\models_1m\cot_task_a_s46_aligned\training_log.json
1M,CoT,task_a,46,10,0.657849154472351,,,,export\models_1m\cot_task_a_s46_aligned\training_log.json
1M,CoT,task_a,46,11,0.6476846561431885,,,,export\models_1m\cot_task_a_s46_aligned\training_log.json
1M,CoT,task_a,46,12,0.6473753399848938,,,,export\models_1m\cot_task_a_s46_aligned\training_log.json
1M,CoT,task_a,46,13,0.6496223073005676,,,,export\models_1m\cot_task_a_s46_aligned\training_log.json
1M,CoT,task_a,46,14,0.644526756286621,,,,export\models_1m\cot_task_a_s46_aligned\training_log.json
1M,CoT,task_a,46,15,0.6417212619781494,,,,export\models_1m\cot_task_a_s46_aligned\training_log.json
1M,CoT,task_a,46,16,0.6404650921821594,,,,export\models_1m\cot_task_a_s46_aligned\training_log.json
1M,CoT,task_a,46,17,0.6443485288619996,,,,export\models_1m\cot_task_a_s46_aligned\training_log.json
1M,CoT,task_a,46,18,0.6334549193382263,,,,export\models_1m\cot_task_a_s46_aligned\training_log.json
1M,CoT,task_a,46,19,0.632040075302124,,,,export\models_1m\cot_task_a_s46_aligned\training_log.json
1M,CoT,task_a,46,20,0.6441012353897094,,,,export\models_1m\cot_task_a_s46_aligned\training_log.json
1M,CoT,task_b,42,1,1.9500469341278077,,,,export\models_1m\cot_task_b_s42_aligned\training_log.json
1M,CoT,task_b,42,2,1.8207583045959472,,,,export\models_1m\cot_task_b_s42_aligned\training_log.json
1M,CoT,task_b,42,3,1.7907380208969117,,,,export\models_1m\cot_task_b_s42_aligned\training_log.json
1M,CoT,task_b,42,4,1.7597376775741578,,,,export\models_1m\cot_task_b_s42_aligned\training_log.json
1M,CoT,task_b,42,5,1.7463732452392577,,,,export\models_1m\cot_task_b_s42_aligned\training_log.json
1M,CoT,task_b,42,6,1.73126238822937,,,,export\models_1m\cot_task_b_s42_aligned\training_log.json
1M,CoT,task_b,42,7,1.723634759902954,,,,export\models_1m\cot_task_b_s42_aligned\training_log.json
1M,CoT,task_b,42,8,1.7079791650772094,,,,export\models_1m\cot_task_b_s42_aligned\training_log.json
1M,CoT,task_b,42,9,1.6972794322967528,,,,export\models_1m\cot_task_b_s42_aligned\training_log.json
1M,CoT,task_b,42,10,1.6837935657501222,,,,export\models_1m\cot_task_b_s42_aligned\training_log.json
1M,CoT,task_b,42,11,1.6644142360687255,,,,export\models_1m\cot_task_b_s42_aligned\training_log.json
1M,CoT,task_b,42,12,1.6382245607376098,,,,export\models_1m\cot_task_b_s42_aligned\training_log.json
1M,CoT,task_b,42,13,1.6110187101364135,,,,export\models_1m\cot_task_b_s42_aligned\training_log.json
1M,CoT,task_b,42,14,1.5861304492950439,,,,export\models_1m\cot_task_b_s42_aligned\training_log.json
1M,CoT,task_b,42,15,1.5565923871994019,,,,export\models_1m\cot_task_b_s42_aligned\training_log.json
1M,CoT,task_b,42,16,1.5111904878616333,,,,export\models_1m\cot_task_b_s42_aligned\training_log.json
1M,CoT,task_b,42,17,1.458681640625,,,,export\models_1m\cot_task_b_s42_aligned\training_log.json
1M,CoT,task_b,42,18,1.4172318058013915,,,,export\models_1m\cot_task_b_s42_aligned\training_log.json
1M,CoT,task_b,42,19,1.360239725112915,,,,export\models_1m\cot_task_b_s42_aligned\training_log.json
1M,CoT,task_b,42,20,1.3047183017730712,,,,export\models_1m\cot_task_b_s42_aligned\training_log.json
1M,CoT,task_b,43,1,1.9553763790130616,,,,export\models_1m\cot_task_b_s43_aligned\training_log.json
1M,CoT,task_b,43,2,1.803731686592102,,,,export\models_1m\cot_task_b_s43_aligned\training_log.json
1M,CoT,task_b,43,3,1.7583483695983886,,,,export\models_1m\cot_task_b_s43_aligned\training_log.json
1M,CoT,task_b,43,4,1.7382320775985718,,,,export\models_1m\cot_task_b_s43_aligned\training_log.json
1M,CoT,task_b,43,5,1.7268268795013428,,,,export\models_1m\cot_task_b_s43_aligned\training_log.json
1M,CoT,task_b,43,6,1.7137322864532472,,,,export\models_1m\cot_task_b_s43_aligned\training_log.json
1M,CoT,task_b,43,7,1.7013400869369506,,,,export\models_1m\cot_task_b_s43_aligned\training_log.json
1M,CoT,task_b,43,8,1.6850485038757324,,,,export\models_1m\cot_task_b_s43_aligned\training_log.json
1M,CoT,task_b,43,9,1.6677402973175048,,,,export\models_1m\cot_task_b_s43_aligned\training_log.json
1M,CoT,task_b,43,10,1.6378247737884521,,,,export\models_1m\cot_task_b_s43_aligned\training_log.json
1M,CoT,task_b,43,11,1.6064788818359375,,,,export\models_1m\cot_task_b_s43_aligned\training_log.json
1M,CoT,task_b,43,12,1.5620041332244874,,,,export\models_1m\cot_task_b_s43_aligned\training_log.json
1M,CoT,task_b,43,13,1.498588070869446,,,,export\models_1m\cot_task_b_s43_aligned\training_log.json
1M,CoT,task_b,43,14,1.460998125076294,,,,export\models_1m\cot_task_b_s43_aligned\training_log.json
1M,CoT,task_b,43,15,1.4220724267959595,,,,export\models_1m\cot_task_b_s43_aligned\training_log.json
1M,CoT,task_b,43,16,1.3713729276657105,,,,export\models_1m\cot_task_b_s43_aligned\training_log.json
1M,CoT,task_b,43,17,1.3453079509735106,,,,export\models_1m\cot_task_b_s43_aligned\training_log.json
1M,CoT,task_b,43,18,1.3176156482696533,,,,export\models_1m\cot_task_b_s43_aligned\training_log.json
1M,CoT,task_b,43,19,1.2978666868209838,,,,export\models_1m\cot_task_b_s43_aligned\training_log.json
1M,CoT,task_b,43,20,1.2757870950698853,,,,export\models_1m\cot_task_b_s43_aligned\training_log.json
1M,CoT,task_b,44,1,1.9503607912063599,,,,export\models_1m\cot_task_b_s44_aligned\training_log.json
1M,CoT,task_b,44,2,1.822434326171875,,,,export\models_1m\cot_task_b_s44_aligned\training_log.json
1M,CoT,task_b,44,3,1.7840425920486451,,,,export\models_1m\cot_task_b_s44_aligned\training_log.json
1M,CoT,task_b,44,4,1.755346700668335,,,,export\models_1m\cot_task_b_s44_aligned\training_log.json
1M,CoT,task_b,44,5,1.7401989698410034,,,,export\models_1m\cot_task_b_s44_aligned\training_log.json
1M,CoT,task_b,44,6,1.725979910850525,,,,export\models_1m\cot_task_b_s44_aligned\training_log.json
1M,CoT,task_b,44,7,1.7168339776992798,,,,export\models_1m\cot_task_b_s44_aligned\training_log.json
1M,CoT,task_b,44,8,1.7110084142684936,,,,export\models_1m\cot_task_b_s44_aligned\training_log.json
1M,CoT,task_b,44,9,1.7040666742324828,,,,export\models_1m\cot_task_b_s44_aligned\training_log.json
1M,CoT,task_b,44,10,1.6906663646698,,,,export\models_1m\cot_task_b_s44_aligned\training_log.json
1M,CoT,task_b,44,11,1.668643370628357,,,,export\models_1m\cot_task_b_s44_aligned\training_log.json
1M,CoT,task_b,44,12,1.636470206260681,,,,export\models_1m\cot_task_b_s44_aligned\training_log.json
1M,CoT,task_b,44,13,1.6040477666854858,,,,export\models_1m\cot_task_b_s44_aligned\training_log.json
1M,CoT,task_b,44,14,1.5633348903656006,,,,export\models_1m\cot_task_b_s44_aligned\training_log.json
1M,CoT,task_b,44,15,1.5018177337646483,,,,export\models_1m\cot_task_b_s44_aligned\training_log.json
1M,CoT,task_b,44,16,1.4417258043289185,,,,export\models_1m\cot_task_b_s44_aligned\training_log.json
1M,CoT,task_b,44,17,1.3941070652008056,,,,export\models_1m\cot_task_b_s44_aligned\training_log.json
1M,CoT,task_b,44,18,1.3368577375411987,,,,export\models_1m\cot_task_b_s44_aligned\training_log.json
1M,CoT,task_b,44,19,1.2980507516860962,,,,export\models_1m\cot_task_b_s44_aligned\training_log.json
1M,CoT,task_b,44,20,1.2742400636672975,,,,export\models_1m\cot_task_b_s44_aligned\training_log.json
1M,CoT,task_b,45,1,1.9433156204223634,,,,export\models_1m\cot_task_b_s45_aligned\training_log.json
1M,CoT,task_b,45,2,1.825810760498047,,,,export\models_1m\cot_task_b_s45_aligned\training_log.json
1M,CoT,task_b,45,3,1.7941883001327514,,,,export\models_1m\cot_task_b_s45_aligned\training_log.json
1M,CoT,task_b,45,4,1.7609263877868653,,,,export\models_1m\cot_task_b_s45_aligned\training_log.json
1M,CoT,task_b,45,5,1.7477948246002197,,,,export\models_1m\cot_task_b_s45_aligned\training_log.json
1M,CoT,task_b,45,6,1.7365120038986206,,,,export\models_1m\cot_task_b_s45_aligned\training_log.json
1M,CoT,task_b,45,7,1.7306936130523682,,,,export\models_1m\cot_task_b_s45_aligned\training_log.json
1M,CoT,task_b,45,8,1.7242140579223633,,,,export\models_1m\cot_task_b_s45_aligned\training_log.json
1M,CoT,task_b,45,9,1.7166506462097169,,,,export\models_1m\cot_task_b_s45_aligned\training_log.json
1M,CoT,task_b,45,10,1.711305333137512,,,,export\models_1m\cot_task_b_s45_aligned\training_log.json
1M,CoT,task_b,45,11,1.6921934661865234,,,,export\models_1m\cot_task_b_s45_aligned\training_log.json
1M,CoT,task_b,45,12,1.6709317417144776,,,,export\models_1m\cot_task_b_s45_aligned\training_log.json
1M,CoT,task_b,45,13,1.6497147188186645,,,,export\models_1m\cot_task_b_s45_aligned\training_log.json
1M,CoT,task_b,45,14,1.622207633972168,,,,export\models_1m\cot_task_b_s45_aligned\training_log.json
1M,CoT,task_b,45,15,1.594299304962158,,,,export\models_1m\cot_task_b_s45_aligned\training_log.json
1M,CoT,task_b,45,16,1.5556479158401488,,,,export\models_1m\cot_task_b_s45_aligned\training_log.json
1M,CoT,task_b,45,17,1.5088844385147095,,,,export\models_1m\cot_task_b_s45_aligned\training_log.json
1M,CoT,task_b,45,18,1.4571084823608398,,,,export\models_1m\cot_task_b_s45_aligned\training_log.json
1M,CoT,task_b,45,19,1.4196145915985108,,,,export\models_1m\cot_task_b_s45_aligned\training_log.json
1M,CoT,task_b,45,20,1.3909054298400878,,,,export\models_1m\cot_task_b_s45_aligned\training_log.json
1M,CoT,task_b,46,1,1.9465886955261231,,,,export\models_1m\cot_task_b_s46_aligned\training_log.json
1M,CoT,task_b,46,2,1.8225258293151856,,,,export\models_1m\cot_task_b_s46_aligned\training_log.json
1M,CoT,task_b,46,3,1.7776955184936523,,,,export\models_1m\cot_task_b_s46_aligned\training_log.json
1M,CoT,task_b,46,4,1.7504663009643555,,,,export\models_1m\cot_task_b_s46_aligned\training_log.json
1M,CoT,task_b,46,5,1.7348581018447875,,,,export\models_1m\cot_task_b_s46_aligned\training_log.json
1M,CoT,task_b,46,6,1.7239299659729004,,,,export\models_1m\cot_task_b_s46_aligned\training_log.json
1M,CoT,task_b,46,7,1.7095910291671752,,,,export\models_1m\cot_task_b_s46_aligned\training_log.json
1M,CoT,task_b,46,8,1.6958952589035035,,,,export\models_1m\cot_task_b_s46_aligned\training_log.json
1M,CoT,task_b,46,9,1.6794596843719483,,,,export\models_1m\cot_task_b_s46_aligned\training_log.json
1M,CoT,task_b,46,10,1.655617199897766,,,,export\models_1m\cot_task_b_s46_aligned\training_log.json
1M,CoT,task_b,46,11,1.6223526678085327,,,,export\models_1m\cot_task_b_s46_aligned\training_log.json
1M,CoT,task_b,46,12,1.5783439054489137,,,,export\models_1m\cot_task_b_s46_aligned\training_log.json
1M,CoT,task_b,46,13,1.5122574558258057,,,,export\models_1m\cot_task_b_s46_aligned\training_log.json
1M,CoT,task_b,46,14,1.4443596448898315,,,,export\models_1m\cot_task_b_s46_aligned\training_log.json
1M,CoT,task_b,46,15,1.3908318729400635,,,,export\models_1m\cot_task_b_s46_aligned\training_log.json
1M,CoT,task_b,46,16,1.3510058574676513,,,,export\models_1m\cot_task_b_s46_aligned\training_log.json
1M,CoT,task_b,46,17,1.3220377559661864,,,,export\models_1m\cot_task_b_s46_aligned\training_log.json
1M,CoT,task_b,46,18,1.300619077682495,,,,export\models_1m\cot_task_b_s46_aligned\training_log.json
1M,CoT,task_b,46,19,1.2723529748916627,,,,export\models_1m\cot_task_b_s46_aligned\training_log.json
1M,CoT,task_b,46,20,1.257788146018982,,,,export\models_1m\cot_task_b_s46_aligned\training_log.json
1M,Recurrent Latent,task_a,42,1,2.1399824180603026,,,,export\models_1m\latent_task_a_s42_aligned\training_log.json
1M,Recurrent Latent,task_a,42,2,2.001877950668335,,,,export\models_1m\latent_task_a_s42_aligned\training_log.json
1M,Recurrent Latent,task_a,42,3,1.9709286279678344,,,,export\models_1m\latent_task_a_s42_aligned\training_log.json
1M,Recurrent Latent,task_a,42,4,1.9595973205566406,,,,export\models_1m\latent_task_a_s42_aligned\training_log.json
1M,Recurrent Latent,task_a,42,5,1.9595457077026368,,,,export\models_1m\latent_task_a_s42_aligned\training_log.json
1M,Recurrent Latent,task_a,42,6,1.9577564868927002,,,,export\models_1m\latent_task_a_s42_aligned\training_log.json
1M,Recurrent Latent,task_a,42,7,1.9507091398239136,,,,export\models_1m\latent_task_a_s42_aligned\training_log.json
1M,Recurrent Latent,task_a,42,8,1.9572073583602905,,,,export\models_1m\latent_task_a_s42_aligned\training_log.json
1M,Recurrent Latent,task_a,42,9,1.953560492515564,,,,export\models_1m\latent_task_a_s42_aligned\training_log.json
1M,Recurrent Latent,task_a,42,10,1.9514028196334838,,,,export\models_1m\latent_task_a_s42_aligned\training_log.json
1M,Recurrent Latent,task_a,42,11,1.9548036394119264,,,,export\models_1m\latent_task_a_s42_aligned\training_log.json
1M,Recurrent Latent,task_a,42,12,1.950668517112732,,,,export\models_1m\latent_task_a_s42_aligned\training_log.json
1M,Recurrent Latent,task_a,42,13,1.9517837533950806,,,,export\models_1m\latent_task_a_s42_aligned\training_log.json
1M,Recurrent Latent,task_a,42,14,1.9537585563659667,,,,export\models_1m\latent_task_a_s42_aligned\training_log.json
1M,Recurrent Latent,task_a,42,15,1.951480188369751,,,,export\models_1m\latent_task_a_s42_aligned\training_log.json
1M,Recurrent Latent,task_a,42,16,1.9554783773422242,,,,export\models_1m\latent_task_a_s42_aligned\training_log.json
1M,Recurrent Latent,task_a,42,17,1.9531189546585084,,,,export\models_1m\latent_task_a_s42_aligned\training_log.json
1M,Recurrent Latent,task_a,42,18,1.9513308935165405,,,,export\models_1m\latent_task_a_s42_aligned\training_log.json
1M,Recurrent Latent,task_a,42,19,1.9524231748580934,,,,export\models_1m\latent_task_a_s42_aligned\training_log.json
1M,Recurrent Latent,task_a,42,20,1.953620725631714,,,,export\models_1m\latent_task_a_s42_aligned\training_log.json
1M,Recurrent Latent,task_a,43,1,2.1254749116897584,,,,export\models_1m\latent_task_a_s43_aligned\training_log.json
1M,Recurrent Latent,task_a,43,2,1.9887513456344605,,,,export\models_1m\latent_task_a_s43_aligned\training_log.json
1M,Recurrent Latent,task_a,43,3,1.9605554313659668,,,,export\models_1m\latent_task_a_s43_aligned\training_log.json
1M,Recurrent Latent,task_a,43,4,1.9575534954071045,,,,export\models_1m\latent_task_a_s43_aligned\training_log.json
1M,Recurrent Latent,task_a,43,5,1.9539273376464843,,,,export\models_1m\latent_task_a_s43_aligned\training_log.json
1M,Recurrent Latent,task_a,43,6,1.9434361791610717,,,,export\models_1m\latent_task_a_s43_aligned\training_log.json
1M,Recurrent Latent,task_a,43,7,1.9348507947921754,,,,export\models_1m\latent_task_a_s43_aligned\training_log.json
1M,Recurrent Latent,task_a,43,8,1.9282807874679566,,,,export\models_1m\latent_task_a_s43_aligned\training_log.json
1M,Recurrent Latent,task_a,43,9,1.9239634256362914,,,,export\models_1m\latent_task_a_s43_aligned\training_log.json
1M,Recurrent Latent,task_a,43,10,1.9255164384841919,,,,export\models_1m\latent_task_a_s43_aligned\training_log.json
1M,Recurrent Latent,task_a,43,11,1.9217897815704346,,,,export\models_1m\latent_task_a_s43_aligned\training_log.json
1M,Recurrent Latent,task_a,43,12,1.9272111024856566,,,,export\models_1m\latent_task_a_s43_aligned\training_log.json
1M,Recurrent Latent,task_a,43,13,1.9546905670166015,,,,export\models_1m\latent_task_a_s43_aligned\training_log.json
1M,Recurrent Latent,task_a,43,14,1.9387458448410033,,,,export\models_1m\latent_task_a_s43_aligned\training_log.json
1M,Recurrent Latent,task_a,43,15,1.976998125076294,,,,export\models_1m\latent_task_a_s43_aligned\training_log.json
1M,Recurrent Latent,task_a,43,16,2.0277705545425415,,,,export\models_1m\latent_task_a_s43_aligned\training_log.json
1M,Recurrent Latent,task_a,43,17,1.9977999296188353,,,,export\models_1m\latent_task_a_s43_aligned\training_log.json
1M,Recurrent Latent,task_a,43,18,1.9763292093276978,,,,export\models_1m\latent_task_a_s43_aligned\training_log.json
1M,Recurrent Latent,task_a,43,19,1.9722206468582153,,,,export\models_1m\latent_task_a_s43_aligned\training_log.json
1M,Recurrent Latent,task_a,43,20,1.9739452495574952,,,,export\models_1m\latent_task_a_s43_aligned\training_log.json
1M,Recurrent Latent,task_a,44,1,2.140716785430908,,,,export\models_1m\latent_task_a_s44_aligned\training_log.json
1M,Recurrent Latent,task_a,44,2,2.0852914505004883,,,,export\models_1m\latent_task_a_s44_aligned\training_log.json
1M,Recurrent Latent,task_a,44,3,1.9955405950546266,,,,export\models_1m\latent_task_a_s44_aligned\training_log.json
1M,Recurrent Latent,task_a,44,4,1.9668354749679566,,,,export\models_1m\latent_task_a_s44_aligned\training_log.json
1M,Recurrent Latent,task_a,44,5,1.9596959075927733,,,,export\models_1m\latent_task_a_s44_aligned\training_log.json
1M,Recurrent Latent,task_a,44,6,1.9658941621780395,,,,export\models_1m\latent_task_a_s44_aligned\training_log.json
1M,Recurrent Latent,task_a,44,7,1.9740884456634522,,,,export\models_1m\latent_task_a_s44_aligned\training_log.json
1M,Recurrent Latent,task_a,44,8,1.9706165485382081,,,,export\models_1m\latent_task_a_s44_aligned\training_log.json
1M,Recurrent Latent,task_a,44,9,1.9597457447052002,,,,export\models_1m\latent_task_a_s44_aligned\training_log.json
1M,Recurrent Latent,task_a,44,10,1.9597195301055907,,,,export\models_1m\latent_task_a_s44_aligned\training_log.json
1M,Recurrent Latent,task_a,44,11,1.975446795463562,,,,export\models_1m\latent_task_a_s44_aligned\training_log.json
1M,Recurrent Latent,task_a,44,12,1.961121506690979,,,,export\models_1m\latent_task_a_s44_aligned\training_log.json
1M,Recurrent Latent,task_a,44,13,1.9559101190567016,,,,export\models_1m\latent_task_a_s44_aligned\training_log.json
1M,Recurrent Latent,task_a,44,14,1.9574072542190553,,,,export\models_1m\latent_task_a_s44_aligned\training_log.json
1M,Recurrent Latent,task_a,44,15,1.9523417501449585,,,,export\models_1m\latent_task_a_s44_aligned\training_log.json
1M,Recurrent Latent,task_a,44,16,1.9784613733291625,,,,export\models_1m\latent_task_a_s44_aligned\training_log.json
1M,Recurrent Latent,task_a,44,17,2.0008634605407716,,,,export\models_1m\latent_task_a_s44_aligned\training_log.json
1M,Recurrent Latent,task_a,44,18,1.9895870294570923,,,,export\models_1m\latent_task_a_s44_aligned\training_log.json
1M,Recurrent Latent,task_a,44,19,1.9931000576019287,,,,export\models_1m\latent_task_a_s44_aligned\training_log.json
1M,Recurrent Latent,task_a,44,20,1.9918872528076172,,,,export\models_1m\latent_task_a_s44_aligned\training_log.json
1M,Recurrent Latent,task_a,45,1,2.1408909368515014,,,,export\models_1m\latent_task_a_s45_aligned\training_log.json
1M,Recurrent Latent,task_a,45,2,2.015046669960022,,,,export\models_1m\latent_task_a_s45_aligned\training_log.json
1M,Recurrent Latent,task_a,45,3,1.9643148794174194,,,,export\models_1m\latent_task_a_s45_aligned\training_log.json
1M,Recurrent Latent,task_a,45,4,1.9559377355575562,,,,export\models_1m\latent_task_a_s45_aligned\training_log.json
1M,Recurrent Latent,task_a,45,5,1.9580050992965699,,,,export\models_1m\latent_task_a_s45_aligned\training_log.json
1M,Recurrent Latent,task_a,45,6,1.9561025762557984,,,,export\models_1m\latent_task_a_s45_aligned\training_log.json
1M,Recurrent Latent,task_a,45,7,1.9584708013534546,,,,export\models_1m\latent_task_a_s45_aligned\training_log.json
1M,Recurrent Latent,task_a,45,8,1.951992519378662,,,,export\models_1m\latent_task_a_s45_aligned\training_log.json
1M,Recurrent Latent,task_a,45,9,1.954118468284607,,,,export\models_1m\latent_task_a_s45_aligned\training_log.json
1M,Recurrent Latent,task_a,45,10,1.9528432998657226,,,,export\models_1m\latent_task_a_s45_aligned\training_log.json
1M,Recurrent Latent,task_a,45,11,1.9515052900314331,,,,export\models_1m\latent_task_a_s45_aligned\training_log.json
1M,Recurrent Latent,task_a,45,12,1.9564295482635499,,,,export\models_1m\latent_task_a_s45_aligned\training_log.json
1M,Recurrent Latent,task_a,45,13,1.9542264966964722,,,,export\models_1m\latent_task_a_s45_aligned\training_log.json
1M,Recurrent Latent,task_a,45,14,1.9497638216018678,,,,export\models_1m\latent_task_a_s45_aligned\training_log.json
1M,Recurrent Latent,task_a,45,15,1.950002963066101,,,,export\models_1m\latent_task_a_s45_aligned\training_log.json
1M,Recurrent Latent,task_a,45,16,1.967082983970642,,,,export\models_1m\latent_task_a_s45_aligned\training_log.json
1M,Recurrent Latent,task_a,45,17,1.9834183645248413,,,,export\models_1m\latent_task_a_s45_aligned\training_log.json
1M,Recurrent Latent,task_a,45,18,1.9902371740341187,,,,export\models_1m\latent_task_a_s45_aligned\training_log.json
1M,Recurrent Latent,task_a,45,19,1.9802663621902465,,,,export\models_1m\latent_task_a_s45_aligned\training_log.json
1M,Recurrent Latent,task_a,45,20,1.9723397607803346,,,,export\models_1m\latent_task_a_s45_aligned\training_log.json
1M,Recurrent Latent,task_a,46,1,2.134170156478882,,,,export\models_1m\latent_task_a_s46_aligned\training_log.json
1M,Recurrent Latent,task_a,46,2,2.013045560836792,,,,export\models_1m\latent_task_a_s46_aligned\training_log.json
1M,Recurrent Latent,task_a,46,3,1.9739726781845093,,,,export\models_1m\latent_task_a_s46_aligned\training_log.json
1M,Recurrent Latent,task_a,46,4,1.9748398017883302,,,,export\models_1m\latent_task_a_s46_aligned\training_log.json
1M,Recurrent Latent,task_a,46,5,1.9706724004745484,,,,export\models_1m\latent_task_a_s46_aligned\training_log.json
1M,Recurrent Latent,task_a,46,6,1.9647060823440552,,,,export\models_1m\latent_task_a_s46_aligned\training_log.json
1M,Recurrent Latent,task_a,46,7,1.9663354806900024,,,,export\models_1m\latent_task_a_s46_aligned\training_log.json
1M,Recurrent Latent,task_a,46,8,1.967932180404663,,,,export\models_1m\latent_task_a_s46_aligned\training_log.json
1M,Recurrent Latent,task_a,46,9,1.9643534374237062,,,,export\models_1m\latent_task_a_s46_aligned\training_log.json
1M,Recurrent Latent,task_a,46,10,1.9635458221435547,,,,export\models_1m\latent_task_a_s46_aligned\training_log.json
1M,Recurrent Latent,task_a,46,11,1.9618602323532104,,,,export\models_1m\latent_task_a_s46_aligned\training_log.json
1M,Recurrent Latent,task_a,46,12,1.9615849685668945,,,,export\models_1m\latent_task_a_s46_aligned\training_log.json
1M,Recurrent Latent,task_a,46,13,1.962467971801758,,,,export\models_1m\latent_task_a_s46_aligned\training_log.json
1M,Recurrent Latent,task_a,46,14,1.9577052793502807,,,,export\models_1m\latent_task_a_s46_aligned\training_log.json
1M,Recurrent Latent,task_a,46,15,1.953350133895874,,,,export\models_1m\latent_task_a_s46_aligned\training_log.json
1M,Recurrent Latent,task_a,46,16,1.955293092727661,,,,export\models_1m\latent_task_a_s46_aligned\training_log.json
1M,Recurrent Latent,task_a,46,17,1.9612703037261963,,,,export\models_1m\latent_task_a_s46_aligned\training_log.json
1M,Recurrent Latent,task_a,46,18,1.9558754768371582,,,,export\models_1m\latent_task_a_s46_aligned\training_log.json
1M,Recurrent Latent,task_a,46,19,1.9576192817687987,,,,export\models_1m\latent_task_a_s46_aligned\training_log.json
1M,Recurrent Latent,task_a,46,20,1.9755446577072144,,,,export\models_1m\latent_task_a_s46_aligned\training_log.json
1M,Recurrent Latent,task_b,42,1,2.327390375137329,,,,export\models_1m\latent_task_b_s42_aligned\training_log.json
1M,Recurrent Latent,task_b,42,2,2.295055072784424,,,,export\models_1m\latent_task_b_s42_aligned\training_log.json
1M,Recurrent Latent,task_b,42,3,2.2922416610717775,,,,export\models_1m\latent_task_b_s42_aligned\training_log.json
1M,Recurrent Latent,task_b,42,4,2.2919919052124023,,,,export\models_1m\latent_task_b_s42_aligned\training_log.json
1M,Recurrent Latent,task_b,42,5,2.2817160396575926,,,,export\models_1m\latent_task_b_s42_aligned\training_log.json
1M,Recurrent Latent,task_b,42,6,2.2599060173034666,,,,export\models_1m\latent_task_b_s42_aligned\training_log.json
1M,Recurrent Latent,task_b,42,7,2.2350276393890383,,,,export\models_1m\latent_task_b_s42_aligned\training_log.json
1M,Recurrent Latent,task_b,42,8,2.2077499542236327,,,,export\models_1m\latent_task_b_s42_aligned\training_log.json
1M,Recurrent Latent,task_b,42,9,2.187344425201416,,,,export\models_1m\latent_task_b_s42_aligned\training_log.json
1M,Recurrent Latent,task_b,42,10,2.1862510051727293,,,,export\models_1m\latent_task_b_s42_aligned\training_log.json
1M,Recurrent Latent,task_b,42,11,2.1753372039794923,,,,export\models_1m\latent_task_b_s42_aligned\training_log.json
1M,Recurrent Latent,task_b,42,12,2.1924106674194337,,,,export\models_1m\latent_task_b_s42_aligned\training_log.json
1M,Recurrent Latent,task_b,42,13,2.205944610595703,,,,export\models_1m\latent_task_b_s42_aligned\training_log.json
1M,Recurrent Latent,task_b,42,14,2.1951285018920896,,,,export\models_1m\latent_task_b_s42_aligned\training_log.json
1M,Recurrent Latent,task_b,42,15,2.2250733757019043,,,,export\models_1m\latent_task_b_s42_aligned\training_log.json
1M,Recurrent Latent,task_b,42,16,2.195281837463379,,,,export\models_1m\latent_task_b_s42_aligned\training_log.json
1M,Recurrent Latent,task_b,42,17,2.192571367263794,,,,export\models_1m\latent_task_b_s42_aligned\training_log.json
1M,Recurrent Latent,task_b,42,18,2.1870856056213377,,,,export\models_1m\latent_task_b_s42_aligned\training_log.json
1M,Recurrent Latent,task_b,42,19,2.20138125038147,,,,export\models_1m\latent_task_b_s42_aligned\training_log.json
1M,Recurrent Latent,task_b,42,20,2.1969541778564454,,,,export\models_1m\latent_task_b_s42_aligned\training_log.json
1M,Recurrent Latent,task_b,43,1,2.3365584659576415,,,,export\models_1m\latent_task_b_s43_aligned\training_log.json
1M,Recurrent Latent,task_b,43,2,2.299743799209595,,,,export\models_1m\latent_task_b_s43_aligned\training_log.json
1M,Recurrent Latent,task_b,43,3,2.2916650981903075,,,,export\models_1m\latent_task_b_s43_aligned\training_log.json
1M,Recurrent Latent,task_b,43,4,2.2887234401702883,,,,export\models_1m\latent_task_b_s43_aligned\training_log.json
1M,Recurrent Latent,task_b,43,5,2.276699728012085,,,,export\models_1m\latent_task_b_s43_aligned\training_log.json
1M,Recurrent Latent,task_b,43,6,2.2654783821105955,,,,export\models_1m\latent_task_b_s43_aligned\training_log.json
1M,Recurrent Latent,task_b,43,7,2.252815305709839,,,,export\models_1m\latent_task_b_s43_aligned\training_log.json
1M,Recurrent Latent,task_b,43,8,2.2568180732727052,,,,export\models_1m\latent_task_b_s43_aligned\training_log.json
1M,Recurrent Latent,task_b,43,9,2.2438871307373045,,,,export\models_1m\latent_task_b_s43_aligned\training_log.json
1M,Recurrent Latent,task_b,43,10,2.234753999710083,,,,export\models_1m\latent_task_b_s43_aligned\training_log.json
1M,Recurrent Latent,task_b,43,11,2.2303013286590576,,,,export\models_1m\latent_task_b_s43_aligned\training_log.json
1M,Recurrent Latent,task_b,43,12,2.219277982711792,,,,export\models_1m\latent_task_b_s43_aligned\training_log.json
1M,Recurrent Latent,task_b,43,13,2.207051971435547,,,,export\models_1m\latent_task_b_s43_aligned\training_log.json
1M,Recurrent Latent,task_b,43,14,2.2040930194854735,,,,export\models_1m\latent_task_b_s43_aligned\training_log.json
1M,Recurrent Latent,task_b,43,15,2.200342041015625,,,,export\models_1m\latent_task_b_s43_aligned\training_log.json
1M,Recurrent Latent,task_b,43,16,2.185747297286987,,,,export\models_1m\latent_task_b_s43_aligned\training_log.json
1M,Recurrent Latent,task_b,43,17,2.1829664783477782,,,,export\models_1m\latent_task_b_s43_aligned\training_log.json
1M,Recurrent Latent,task_b,43,18,2.1787984657287596,,,,export\models_1m\latent_task_b_s43_aligned\training_log.json
1M,Recurrent Latent,task_b,43,19,2.170881278991699,,,,export\models_1m\latent_task_b_s43_aligned\training_log.json
1M,Recurrent Latent,task_b,43,20,2.177259719848633,,,,export\models_1m\latent_task_b_s43_aligned\training_log.json
1M,Recurrent Latent,task_b,44,1,2.3326875648498535,,,,export\models_1m\latent_task_b_s44_aligned\training_log.json
1M,Recurrent Latent,task_b,44,2,2.3010348796844484,,,,export\models_1m\latent_task_b_s44_aligned\training_log.json
1M,Recurrent Latent,task_b,44,3,2.2941809940338134,,,,export\models_1m\latent_task_b_s44_aligned\training_log.json
1M,Recurrent Latent,task_b,44,4,2.2946223983764646,,,,export\models_1m\latent_task_b_s44_aligned\training_log.json
1M,Recurrent Latent,task_b,44,5,2.292805860519409,,,,export\models_1m\latent_task_b_s44_aligned\training_log.json
1M,Recurrent Latent,task_b,44,6,2.2921958980560304,,,,export\models_1m\latent_task_b_s44_aligned\training_log.json
1M,Recurrent Latent,task_b,44,7,2.2881999626159666,,,,export\models_1m\latent_task_b_s44_aligned\training_log.json
1M,Recurrent Latent,task_b,44,8,2.282074834823608,,,,export\models_1m\latent_task_b_s44_aligned\training_log.json
1M,Recurrent Latent,task_b,44,9,2.272939908981323,,,,export\models_1m\latent_task_b_s44_aligned\training_log.json
1M,Recurrent Latent,task_b,44,10,2.268712886810303,,,,export\models_1m\latent_task_b_s44_aligned\training_log.json
1M,Recurrent Latent,task_b,44,11,2.2648059043884277,,,,export\models_1m\latent_task_b_s44_aligned\training_log.json
1M,Recurrent Latent,task_b,44,12,2.265739152908325,,,,export\models_1m\latent_task_b_s44_aligned\training_log.json
1M,Recurrent Latent,task_b,44,13,2.264253168106079,,,,export\models_1m\latent_task_b_s44_aligned\training_log.json
1M,Recurrent Latent,task_b,44,14,2.2609742698669435,,,,export\models_1m\latent_task_b_s44_aligned\training_log.json
1M,Recurrent Latent,task_b,44,15,2.2609319667816163,,,,export\models_1m\latent_task_b_s44_aligned\training_log.json
1M,Recurrent Latent,task_b,44,16,2.257545055389404,,,,export\models_1m\latent_task_b_s44_aligned\training_log.json
1M,Recurrent Latent,task_b,44,17,2.251139633178711,,,,export\models_1m\latent_task_b_s44_aligned\training_log.json
1M,Recurrent Latent,task_b,44,18,2.2593231506347657,,,,export\models_1m\latent_task_b_s44_aligned\training_log.json
1M,Recurrent Latent,task_b,44,19,2.260090881347656,,,,export\models_1m\latent_task_b_s44_aligned\training_log.json
1M,Recurrent Latent,task_b,44,20,2.2576181106567383,,,,export\models_1m\latent_task_b_s44_aligned\training_log.json
1M,Recurrent Latent,task_b,45,1,2.3252173843383788,,,,export\models_1m\latent_task_b_s45_aligned\training_log.json
1M,Recurrent Latent,task_b,45,2,2.3021454696655272,,,,export\models_1m\latent_task_b_s45_aligned\training_log.json
1M,Recurrent Latent,task_b,45,3,2.2918066024780273,,,,export\models_1m\latent_task_b_s45_aligned\training_log.json
1M,Recurrent Latent,task_b,45,4,2.2922044506073,,,,export\models_1m\latent_task_b_s45_aligned\training_log.json
1M,Recurrent Latent,task_b,45,5,2.293013832092285,,,,export\models_1m\latent_task_b_s45_aligned\training_log.json
1M,Recurrent Latent,task_b,45,6,2.2873395805358885,,,,export\models_1m\latent_task_b_s45_aligned\training_log.json
1M,Recurrent Latent,task_b,45,7,2.29072359085083,,,,export\models_1m\latent_task_b_s45_aligned\training_log.json
1M,Recurrent Latent,task_b,45,8,2.2860175189971925,,,,export\models_1m\latent_task_b_s45_aligned\training_log.json
1M,Recurrent Latent,task_b,45,9,2.2877295722961426,,,,export\models_1m\latent_task_b_s45_aligned\training_log.json
1M,Recurrent Latent,task_b,45,10,2.2846453704833984,,,,export\models_1m\latent_task_b_s45_aligned\training_log.json
1M,Recurrent Latent,task_b,45,11,2.283703802108765,,,,export\models_1m\latent_task_b_s45_aligned\training_log.json
1M,Recurrent Latent,task_b,45,12,2.2848391246795656,,,,export\models_1m\latent_task_b_s45_aligned\training_log.json
1M,Recurrent Latent,task_b,45,13,2.2832638053894043,,,,export\models_1m\latent_task_b_s45_aligned\training_log.json
1M,Recurrent Latent,task_b,45,14,2.278508975982666,,,,export\models_1m\latent_task_b_s45_aligned\training_log.json
1M,Recurrent Latent,task_b,45,15,2.2722331256866455,,,,export\models_1m\latent_task_b_s45_aligned\training_log.json
1M,Recurrent Latent,task_b,45,16,2.2673820209503175,,,,export\models_1m\latent_task_b_s45_aligned\training_log.json
1M,Recurrent Latent,task_b,45,17,2.268662731170654,,,,export\models_1m\latent_task_b_s45_aligned\training_log.json
1M,Recurrent Latent,task_b,45,18,2.2680455646514894,,,,export\models_1m\latent_task_b_s45_aligned\training_log.json
1M,Recurrent Latent,task_b,45,19,2.263382528305054,,,,export\models_1m\latent_task_b_s45_aligned\training_log.json
1M,Recurrent Latent,task_b,45,20,2.2541979007720947,,,,export\models_1m\latent_task_b_s45_aligned\training_log.json
1M,Recurrent Latent,task_b,46,1,2.334187719345093,,,,export\models_1m\latent_task_b_s46_aligned\training_log.json
1M,Recurrent Latent,task_b,46,2,2.298721820831299,,,,export\models_1m\latent_task_b_s46_aligned\training_log.json
1M,Recurrent Latent,task_b,46,3,2.29663657951355,,,,export\models_1m\latent_task_b_s46_aligned\training_log.json
1M,Recurrent Latent,task_b,46,4,2.2939387283325194,,,,export\models_1m\latent_task_b_s46_aligned\training_log.json
1M,Recurrent Latent,task_b,46,5,2.2947754459381104,,,,export\models_1m\latent_task_b_s46_aligned\training_log.json
1M,Recurrent Latent,task_b,46,6,2.2895814476013183,,,,export\models_1m\latent_task_b_s46_aligned\training_log.json
1M,Recurrent Latent,task_b,46,7,2.283016746520996,,,,export\models_1m\latent_task_b_s46_aligned\training_log.json
1M,Recurrent Latent,task_b,46,8,2.282206510543823,,,,export\models_1m\latent_task_b_s46_aligned\training_log.json
1M,Recurrent Latent,task_b,46,9,2.280322246551514,,,,export\models_1m\latent_task_b_s46_aligned\training_log.json
1M,Recurrent Latent,task_b,46,10,2.2815738201141356,,,,export\models_1m\latent_task_b_s46_aligned\training_log.json
1M,Recurrent Latent,task_b,46,11,2.28368932723999,,,,export\models_1m\latent_task_b_s46_aligned\training_log.json
1M,Recurrent Latent,task_b,46,12,2.281765546798706,,,,export\models_1m\latent_task_b_s46_aligned\training_log.json
1M,Recurrent Latent,task_b,46,13,2.2812777576446535,,,,export\models_1m\latent_task_b_s46_aligned\training_log.json
1M,Recurrent Latent,task_b,46,14,2.2859383335113526,,,,export\models_1m\latent_task_b_s46_aligned\training_log.json
1M,Recurrent Latent,task_b,46,15,2.283869602203369,,,,export\models_1m\latent_task_b_s46_aligned\training_log.json
1M,Recurrent Latent,task_b,46,16,2.2832616596221924,,,,export\models_1m\latent_task_b_s46_aligned\training_log.json
1M,Recurrent Latent,task_b,46,17,2.2815561122894286,,,,export\models_1m\latent_task_b_s46_aligned\training_log.json
1M,Recurrent Latent,task_b,46,18,2.2817943744659424,,,,export\models_1m\latent_task_b_s46_aligned\training_log.json
1M,Recurrent Latent,task_b,46,19,2.2818003883361815,,,,export\models_1m\latent_task_b_s46_aligned\training_log.json
1M,Recurrent Latent,task_b,46,20,2.2813287563323974,,,,export\models_1m\latent_task_b_s46_aligned\training_log.json
5M original,CoT,task_a,42,1,1.8100450296401978,,,,export\models_5m\cot_task_a_s42_aligned\training_log.json
5M original,CoT,task_a,42,2,1.6886110305786133,,,,export\models_5m\cot_task_a_s42_aligned\training_log.json
5M original,CoT,task_a,42,3,1.6574195756912231,,,,export\models_5m\cot_task_a_s42_aligned\training_log.json
5M original,CoT,task_a,42,4,1.648515100479126,,,,export\models_5m\cot_task_a_s42_aligned\training_log.json
5M original,CoT,task_a,42,5,1.6414428396224976,,,,export\models_5m\cot_task_a_s42_aligned\training_log.json
5M original,CoT,task_a,42,6,1.619605860710144,,,,export\models_5m\cot_task_a_s42_aligned\training_log.json
5M original,CoT,task_a,42,7,1.6087477731704711,,,,export\models_5m\cot_task_a_s42_aligned\training_log.json
5M original,CoT,task_a,42,8,1.6199241056442262,,,,export\models_5m\cot_task_a_s42_aligned\training_log.json
5M original,CoT,task_a,42,9,1.6797011861801148,,,,export\models_5m\cot_task_a_s42_aligned\training_log.json
5M original,CoT,task_a,42,10,1.625988160133362,,,,export\models_5m\cot_task_a_s42_aligned\training_log.json
5M original,CoT,task_a,42,11,1.5959773998260498,,,,export\models_5m\cot_task_a_s42_aligned\training_log.json
5M original,CoT,task_a,42,12,1.5992437715530397,,,,export\models_5m\cot_task_a_s42_aligned\training_log.json
5M original,CoT,task_a,42,13,1.5973082036972046,,,,export\models_5m\cot_task_a_s42_aligned\training_log.json
5M original,CoT,task_a,42,14,1.5764747161865234,,,,export\models_5m\cot_task_a_s42_aligned\training_log.json
5M original,CoT,task_a,42,15,1.574660231590271,,,,export\models_5m\cot_task_a_s42_aligned\training_log.json
5M original,CoT,task_a,42,16,1.557669150352478,,,,export\models_5m\cot_task_a_s42_aligned\training_log.json
5M original,CoT,task_a,42,17,1.5445825233459474,,,,export\models_5m\cot_task_a_s42_aligned\training_log.json
5M original,CoT,task_a,42,18,1.5321130638122558,,,,export\models_5m\cot_task_a_s42_aligned\training_log.json
5M original,CoT,task_a,42,19,1.5302092752456664,,,,export\models_5m\cot_task_a_s42_aligned\training_log.json
5M original,CoT,task_a,42,20,1.5319277210235596,,,,export\models_5m\cot_task_a_s42_aligned\training_log.json
5M original,CoT,task_a,43,1,1.8574747438430785,,,,export\models_5m\cot_task_a_s43_aligned\training_log.json
5M original,CoT,task_a,43,2,1.6862112064361572,,,,export\models_5m\cot_task_a_s43_aligned\training_log.json
5M original,CoT,task_a,43,3,1.660117561340332,,,,export\models_5m\cot_task_a_s43_aligned\training_log.json
5M original,CoT,task_a,43,4,1.6313601121902466,,,,export\models_5m\cot_task_a_s43_aligned\training_log.json
5M original,CoT,task_a,43,5,1.645059157371521,,,,export\models_5m\cot_task_a_s43_aligned\training_log.json
5M original,CoT,task_a,43,6,1.6630010938644408,,,,export\models_5m\cot_task_a_s43_aligned\training_log.json
5M original,CoT,task_a,43,7,1.6156061182022095,,,,export\models_5m\cot_task_a_s43_aligned\training_log.json
5M original,CoT,task_a,43,8,1.611209888458252,,,,export\models_5m\cot_task_a_s43_aligned\training_log.json
5M original,CoT,task_a,43,9,1.6092373399734496,,,,export\models_5m\cot_task_a_s43_aligned\training_log.json
5M original,CoT,task_a,43,10,1.6140288496017456,,,,export\models_5m\cot_task_a_s43_aligned\training_log.json
5M original,CoT,task_a,43,11,1.6198683061599732,,,,export\models_5m\cot_task_a_s43_aligned\training_log.json
5M original,CoT,task_a,43,12,1.6019717779159546,,,,export\models_5m\cot_task_a_s43_aligned\training_log.json
5M original,CoT,task_a,43,13,1.6013252363204955,,,,export\models_5m\cot_task_a_s43_aligned\training_log.json
5M original,CoT,task_a,43,14,1.5898001298904418,,,,export\models_5m\cot_task_a_s43_aligned\training_log.json
5M original,CoT,task_a,43,15,1.5832597732543945,,,,export\models_5m\cot_task_a_s43_aligned\training_log.json
5M original,CoT,task_a,43,16,1.573532314300537,,,,export\models_5m\cot_task_a_s43_aligned\training_log.json
5M original,CoT,task_a,43,17,1.5585342588424682,,,,export\models_5m\cot_task_a_s43_aligned\training_log.json
5M original,CoT,task_a,43,18,1.5769905405044555,,,,export\models_5m\cot_task_a_s43_aligned\training_log.json
5M original,CoT,task_a,43,19,1.577612102508545,,,,export\models_5m\cot_task_a_s43_aligned\training_log.json
5M original,CoT,task_a,43,20,1.5753983078002929,,,,export\models_5m\cot_task_a_s43_aligned\training_log.json
5M original,CoT,task_a,44,1,1.8328676729202271,,,,export\models_5m\cot_task_a_s44_aligned\training_log.json
5M original,CoT,task_a,44,2,1.6783885984420777,,,,export\models_5m\cot_task_a_s44_aligned\training_log.json
5M original,CoT,task_a,44,3,1.6473701734542847,,,,export\models_5m\cot_task_a_s44_aligned\training_log.json
5M original,CoT,task_a,44,4,1.6168532657623291,,,,export\models_5m\cot_task_a_s44_aligned\training_log.json
5M original,CoT,task_a,44,5,1.5974276294708252,,,,export\models_5m\cot_task_a_s44_aligned\training_log.json
5M original,CoT,task_a,44,6,1.5729461479187012,,,,export\models_5m\cot_task_a_s44_aligned\training_log.json
5M original,CoT,task_a,44,7,1.5767546262741088,,,,export\models_5m\cot_task_a_s44_aligned\training_log.json
5M original,CoT,task_a,44,8,1.5594586067199707,,,,export\models_5m\cot_task_a_s44_aligned\training_log.json
5M original,CoT,task_a,44,9,1.5642176027297974,,,,export\models_5m\cot_task_a_s44_aligned\training_log.json
5M original,CoT,task_a,44,10,1.554634678840637,,,,export\models_5m\cot_task_a_s44_aligned\training_log.json
5M original,CoT,task_a,44,11,1.5382642650604248,,,,export\models_5m\cot_task_a_s44_aligned\training_log.json
5M original,CoT,task_a,44,12,1.5093026475906373,,,,export\models_5m\cot_task_a_s44_aligned\training_log.json
5M original,CoT,task_a,44,13,1.4911806030273438,,,,export\models_5m\cot_task_a_s44_aligned\training_log.json
5M original,CoT,task_a,44,14,1.4860259685516357,,,,export\models_5m\cot_task_a_s44_aligned\training_log.json
5M original,CoT,task_a,44,15,1.4646718969345094,,,,export\models_5m\cot_task_a_s44_aligned\training_log.json
5M original,CoT,task_a,44,16,1.4284812908172608,,,,export\models_5m\cot_task_a_s44_aligned\training_log.json
5M original,CoT,task_a,44,17,1.3926390790939331,,,,export\models_5m\cot_task_a_s44_aligned\training_log.json
5M original,CoT,task_a,44,18,1.363354916572571,,,,export\models_5m\cot_task_a_s44_aligned\training_log.json
5M original,CoT,task_a,44,19,1.3612732944488526,,,,export\models_5m\cot_task_a_s44_aligned\training_log.json
5M original,CoT,task_a,44,20,1.3575482816696167,,,,export\models_5m\cot_task_a_s44_aligned\training_log.json
5M original,CoT,task_a,45,1,1.8584331922531128,,,,export\models_5m\cot_task_a_s45_aligned\training_log.json
5M original,CoT,task_a,45,2,1.6815013351440429,,,,export\models_5m\cot_task_a_s45_aligned\training_log.json
5M original,CoT,task_a,45,3,1.6565888404846192,,,,export\models_5m\cot_task_a_s45_aligned\training_log.json
5M original,CoT,task_a,45,4,1.6806636486053468,,,,export\models_5m\cot_task_a_s45_aligned\training_log.json
5M original,CoT,task_a,45,5,1.6267514057159425,,,,export\models_5m\cot_task_a_s45_aligned\training_log.json
5M original,CoT,task_a,45,6,1.6105505571365357,,,,export\models_5m\cot_task_a_s45_aligned\training_log.json
5M original,CoT,task_a,45,7,1.634684084892273,,,,export\models_5m\cot_task_a_s45_aligned\training_log.json
5M original,CoT,task_a,45,8,1.6189243078231812,,,,export\models_5m\cot_task_a_s45_aligned\training_log.json
5M original,CoT,task_a,45,9,1.6226535987854005,,,,export\models_5m\cot_task_a_s45_aligned\training_log.json
5M original,CoT,task_a,45,10,1.6100990791320802,,,,export\models_5m\cot_task_a_s45_aligned\training_log.json
5M original,CoT,task_a,45,11,1.6193552350997924,,,,export\models_5m\cot_task_a_s45_aligned\training_log.json
5M original,CoT,task_a,45,12,1.6895147161483766,,,,export\models_5m\cot_task_a_s45_aligned\training_log.json
5M original,CoT,task_a,45,13,1.6100237159729003,,,,export\models_5m\cot_task_a_s45_aligned\training_log.json
5M original,CoT,task_a,45,14,1.6541909437179565,,,,export\models_5m\cot_task_a_s45_aligned\training_log.json
5M original,CoT,task_a,45,15,1.5960224676132202,,,,export\models_5m\cot_task_a_s45_aligned\training_log.json
5M original,CoT,task_a,45,16,1.5856106882095338,,,,export\models_5m\cot_task_a_s45_aligned\training_log.json
5M original,CoT,task_a,45,17,1.5678548736572266,,,,export\models_5m\cot_task_a_s45_aligned\training_log.json
5M original,CoT,task_a,45,18,1.5370355587005615,,,,export\models_5m\cot_task_a_s45_aligned\training_log.json
5M original,CoT,task_a,45,19,1.5286532163619995,,,,export\models_5m\cot_task_a_s45_aligned\training_log.json
5M original,CoT,task_a,45,20,1.5181683864593505,,,,export\models_5m\cot_task_a_s45_aligned\training_log.json
5M original,CoT,task_a,46,1,1.8275417327880858,,,,export\models_5m\cot_task_a_s46_aligned\training_log.json
5M original,CoT,task_a,46,2,1.6990544061660766,,,,export\models_5m\cot_task_a_s46_aligned\training_log.json
5M original,CoT,task_a,46,3,1.6513008966445923,,,,export\models_5m\cot_task_a_s46_aligned\training_log.json
5M original,CoT,task_a,46,4,1.6293063468933104,,,,export\models_5m\cot_task_a_s46_aligned\training_log.json
5M original,CoT,task_a,46,5,1.6196171979904175,,,,export\models_5m\cot_task_a_s46_aligned\training_log.json
5M original,CoT,task_a,46,6,1.6058829326629638,,,,export\models_5m\cot_task_a_s46_aligned\training_log.json
5M original,CoT,task_a,46,7,1.577481888771057,,,,export\models_5m\cot_task_a_s46_aligned\training_log.json
5M original,CoT,task_a,46,8,1.5845976104736328,,,,export\models_5m\cot_task_a_s46_aligned\training_log.json
5M original,CoT,task_a,46,9,1.5586699237823487,,,,export\models_5m\cot_task_a_s46_aligned\training_log.json
5M original,CoT,task_a,46,10,1.562070128440857,,,,export\models_5m\cot_task_a_s46_aligned\training_log.json
5M original,CoT,task_a,46,11,1.576554988861084,,,,export\models_5m\cot_task_a_s46_aligned\training_log.json
5M original,CoT,task_a,46,12,1.5639292984008788,,,,export\models_5m\cot_task_a_s46_aligned\training_log.json
5M original,CoT,task_a,46,13,1.534037745475769,,,,export\models_5m\cot_task_a_s46_aligned\training_log.json
5M original,CoT,task_a,46,14,1.5288427515029908,,,,export\models_5m\cot_task_a_s46_aligned\training_log.json
5M original,CoT,task_a,46,15,1.5251573724746703,,,,export\models_5m\cot_task_a_s46_aligned\training_log.json
5M original,CoT,task_a,46,16,1.506978702545166,,,,export\models_5m\cot_task_a_s46_aligned\training_log.json
5M original,CoT,task_a,46,17,1.504742762565613,,,,export\models_5m\cot_task_a_s46_aligned\training_log.json
5M original,CoT,task_a,46,18,1.507285737991333,,,,export\models_5m\cot_task_a_s46_aligned\training_log.json
5M original,CoT,task_a,46,19,1.4852536945343018,,,,export\models_5m\cot_task_a_s46_aligned\training_log.json
5M original,CoT,task_a,46,20,1.4766386880874633,,,,export\models_5m\cot_task_a_s46_aligned\training_log.json
5M original,CoT,task_b,42,1,1.9653984050750732,,,,export\models_5m\cot_task_b_s42_aligned\training_log.json
5M original,CoT,task_b,42,2,1.8873532438278198,,,,export\models_5m\cot_task_b_s42_aligned\training_log.json
5M original,CoT,task_b,42,3,1.8415371646881105,,,,export\models_5m\cot_task_b_s42_aligned\training_log.json
5M original,CoT,task_b,42,4,1.8296862440109254,,,,export\models_5m\cot_task_b_s42_aligned\training_log.json
5M original,CoT,task_b,42,5,1.8221737632751465,,,,export\models_5m\cot_task_b_s42_aligned\training_log.json
5M original,CoT,task_b,42,6,1.82965402507782,,,,export\models_5m\cot_task_b_s42_aligned\training_log.json
5M original,CoT,task_b,42,7,1.8152621507644653,,,,export\models_5m\cot_task_b_s42_aligned\training_log.json
5M original,CoT,task_b,42,8,1.8072722797393799,,,,export\models_5m\cot_task_b_s42_aligned\training_log.json
5M original,CoT,task_b,42,9,1.8079489221572875,,,,export\models_5m\cot_task_b_s42_aligned\training_log.json
5M original,CoT,task_b,42,10,1.8051942291259766,,,,export\models_5m\cot_task_b_s42_aligned\training_log.json
5M original,CoT,task_b,42,11,1.7974347162246704,,,,export\models_5m\cot_task_b_s42_aligned\training_log.json
5M original,CoT,task_b,42,12,1.7944730224609375,,,,export\models_5m\cot_task_b_s42_aligned\training_log.json
5M original,CoT,task_b,42,13,1.7878854398727417,,,,export\models_5m\cot_task_b_s42_aligned\training_log.json
5M original,CoT,task_b,42,14,1.7771275024414062,,,,export\models_5m\cot_task_b_s42_aligned\training_log.json
5M original,CoT,task_b,42,15,1.7601274967193603,,,,export\models_5m\cot_task_b_s42_aligned\training_log.json
5M original,CoT,task_b,42,16,1.7511828994750978,,,,export\models_5m\cot_task_b_s42_aligned\training_log.json
5M original,CoT,task_b,42,17,1.7457580909729005,,,,export\models_5m\cot_task_b_s42_aligned\training_log.json
5M original,CoT,task_b,42,18,1.7337189741134644,,,,export\models_5m\cot_task_b_s42_aligned\training_log.json
5M original,CoT,task_b,42,19,1.7264706716537475,,,,export\models_5m\cot_task_b_s42_aligned\training_log.json
5M original,CoT,task_b,42,20,1.7201461992263793,,,,export\models_5m\cot_task_b_s42_aligned\training_log.json
5M original,CoT,task_b,43,1,1.9654153757095336,,,,export\models_5m\cot_task_b_s43_aligned\training_log.json
5M original,CoT,task_b,43,2,1.8932392549514772,,,,export\models_5m\cot_task_b_s43_aligned\training_log.json
5M original,CoT,task_b,43,3,1.8600546188354492,,,,export\models_5m\cot_task_b_s43_aligned\training_log.json
5M original,CoT,task_b,43,4,1.8341348848342895,,,,export\models_5m\cot_task_b_s43_aligned\training_log.json
5M original,CoT,task_b,43,5,1.8283748626708984,,,,export\models_5m\cot_task_b_s43_aligned\training_log.json
5M original,CoT,task_b,43,6,1.8180395479202272,,,,export\models_5m\cot_task_b_s43_aligned\training_log.json
5M original,CoT,task_b,43,7,1.8121679353713989,,,,export\models_5m\cot_task_b_s43_aligned\training_log.json
5M original,CoT,task_b,43,8,1.8079456253051758,,,,export\models_5m\cot_task_b_s43_aligned\training_log.json
5M original,CoT,task_b,43,9,1.802487759590149,,,,export\models_5m\cot_task_b_s43_aligned\training_log.json
5M original,CoT,task_b,43,10,1.7972323293685912,,,,export\models_5m\cot_task_b_s43_aligned\training_log.json
5M original,CoT,task_b,43,11,1.7921052532196045,,,,export\models_5m\cot_task_b_s43_aligned\training_log.json
5M original,CoT,task_b,43,12,1.7858596544265748,,,,export\models_5m\cot_task_b_s43_aligned\training_log.json
5M original,CoT,task_b,43,13,1.7830070371627809,,,,export\models_5m\cot_task_b_s43_aligned\training_log.json
5M original,CoT,task_b,43,14,1.7774729824066162,,,,export\models_5m\cot_task_b_s43_aligned\training_log.json
5M original,CoT,task_b,43,15,1.7605463457107544,,,,export\models_5m\cot_task_b_s43_aligned\training_log.json
5M original,CoT,task_b,43,16,1.7561710109710693,,,,export\models_5m\cot_task_b_s43_aligned\training_log.json
5M original,CoT,task_b,43,17,1.7575678825378418,,,,export\models_5m\cot_task_b_s43_aligned\training_log.json
5M original,CoT,task_b,43,18,1.7486202564239501,,,,export\models_5m\cot_task_b_s43_aligned\training_log.json
5M original,CoT,task_b,43,19,1.7438032712936402,,,,export\models_5m\cot_task_b_s43_aligned\training_log.json
5M original,CoT,task_b,43,20,1.7539273691177368,,,,export\models_5m\cot_task_b_s43_aligned\training_log.json
5M original,CoT,task_b,44,1,1.9759596672058106,,,,export\models_5m\cot_task_b_s44_aligned\training_log.json
5M original,CoT,task_b,44,2,1.9053884305953979,,,,export\models_5m\cot_task_b_s44_aligned\training_log.json
5M original,CoT,task_b,44,3,1.9149723262786866,,,,export\models_5m\cot_task_b_s44_aligned\training_log.json
5M original,CoT,task_b,44,4,1.8780989637374879,,,,export\models_5m\cot_task_b_s44_aligned\training_log.json
5M original,CoT,task_b,44,5,1.8931203289031981,,,,export\models_5m\cot_task_b_s44_aligned\training_log.json
5M original,CoT,task_b,44,6,1.8655625505447389,,,,export\models_5m\cot_task_b_s44_aligned\training_log.json
5M original,CoT,task_b,44,7,1.8552775325775146,,,,export\models_5m\cot_task_b_s44_aligned\training_log.json
5M original,CoT,task_b,44,8,1.8683987197875978,,,,export\models_5m\cot_task_b_s44_aligned\training_log.json
5M original,CoT,task_b,44,9,1.8597866220474244,,,,export\models_5m\cot_task_b_s44_aligned\training_log.json
5M original,CoT,task_b,44,10,1.8782243280410766,,,,export\models_5m\cot_task_b_s44_aligned\training_log.json
5M original,CoT,task_b,44,11,1.8539844923019408,,,,export\models_5m\cot_task_b_s44_aligned\training_log.json
5M original,CoT,task_b,44,12,1.8472749137878417,,,,export\models_5m\cot_task_b_s44_aligned\training_log.json
5M original,CoT,task_b,44,13,1.8665996494293213,,,,export\models_5m\cot_task_b_s44_aligned\training_log.json
5M original,CoT,task_b,44,14,1.9165363855361939,,,,export\models_5m\cot_task_b_s44_aligned\training_log.json
5M original,CoT,task_b,44,15,1.9008053884506226,,,,export\models_5m\cot_task_b_s44_aligned\training_log.json
5M original,CoT,task_b,44,16,1.8881611938476563,,,,export\models_5m\cot_task_b_s44_aligned\training_log.json
5M original,CoT,task_b,44,17,1.8767619876861572,,,,export\models_5m\cot_task_b_s44_aligned\training_log.json
5M original,CoT,task_b,44,18,1.8849692363739015,,,,export\models_5m\cot_task_b_s44_aligned\training_log.json
5M original,CoT,task_b,44,19,1.8712998428344727,,,,export\models_5m\cot_task_b_s44_aligned\training_log.json
5M original,CoT,task_b,44,20,1.892099244117737,,,,export\models_5m\cot_task_b_s44_aligned\training_log.json
5M original,CoT,task_b,45,1,1.9647277975082398,,,,export\models_5m\cot_task_b_s45_aligned\training_log.json
5M original,CoT,task_b,45,2,1.879754490852356,,,,export\models_5m\cot_task_b_s45_aligned\training_log.json
5M original,CoT,task_b,45,3,1.850960886001587,,,,export\models_5m\cot_task_b_s45_aligned\training_log.json
5M original,CoT,task_b,45,4,1.8242022724151612,,,,export\models_5m\cot_task_b_s45_aligned\training_log.json
5M original,CoT,task_b,45,5,1.8154371433258056,,,,export\models_5m\cot_task_b_s45_aligned\training_log.json
5M original,CoT,task_b,45,6,1.8112278261184693,,,,export\models_5m\cot_task_b_s45_aligned\training_log.json
5M original,CoT,task_b,45,7,1.805675950050354,,,,export\models_5m\cot_task_b_s45_aligned\training_log.json
5M original,CoT,task_b,45,8,1.8016628007888793,,,,export\models_5m\cot_task_b_s45_aligned\training_log.json
5M original,CoT,task_b,45,9,1.8045323390960692,,,,export\models_5m\cot_task_b_s45_aligned\training_log.json
5M original,CoT,task_b,45,10,1.796863676071167,,,,export\models_5m\cot_task_b_s45_aligned\training_log.json
5M original,CoT,task_b,45,11,1.795226990699768,,,,export\models_5m\cot_task_b_s45_aligned\training_log.json
5M original,CoT,task_b,45,12,1.7966719751358031,,,,export\models_5m\cot_task_b_s45_aligned\training_log.json
5M original,CoT,task_b,45,13,1.7943264617919923,,,,export\models_5m\cot_task_b_s45_aligned\training_log.json
5M original,CoT,task_b,45,14,1.7940197982788086,,,,export\models_5m\cot_task_b_s45_aligned\training_log.json
5M original,CoT,task_b,45,15,1.7854589681625366,,,,export\models_5m\cot_task_b_s45_aligned\training_log.json
5M original,CoT,task_b,45,16,1.7789370698928832,,,,export\models_5m\cot_task_b_s45_aligned\training_log.json
5M original,CoT,task_b,45,17,1.7683942918777467,,,,export\models_5m\cot_task_b_s45_aligned\training_log.json
5M original,CoT,task_b,45,18,1.7568504447937012,,,,export\models_5m\cot_task_b_s45_aligned\training_log.json
5M original,CoT,task_b,45,19,1.7541713161468506,,,,export\models_5m\cot_task_b_s45_aligned\training_log.json
5M original,CoT,task_b,45,20,1.7397446842193605,,,,export\models_5m\cot_task_b_s45_aligned\training_log.json
5M original,CoT,task_b,46,1,1.9787259130477906,,,,export\models_5m\cot_task_b_s46_aligned\training_log.json
5M original,CoT,task_b,46,2,1.9045060691833495,,,,export\models_5m\cot_task_b_s46_aligned\training_log.json
5M original,CoT,task_b,46,3,1.9074861068725586,,,,export\models_5m\cot_task_b_s46_aligned\training_log.json
5M original,CoT,task_b,46,4,1.9151751441955567,,,,export\models_5m\cot_task_b_s46_aligned\training_log.json
5M original,CoT,task_b,46,5,1.8984195747375487,,,,export\models_5m\cot_task_b_s46_aligned\training_log.json
5M original,CoT,task_b,46,6,1.9071156492233277,,,,export\models_5m\cot_task_b_s46_aligned\training_log.json
5M original,CoT,task_b,46,7,1.8890547494888306,,,,export\models_5m\cot_task_b_s46_aligned\training_log.json
5M original,CoT,task_b,46,8,1.8946821212768554,,,,export\models_5m\cot_task_b_s46_aligned\training_log.json
5M original,CoT,task_b,46,9,1.8986717720031738,,,,export\models_5m\cot_task_b_s46_aligned\training_log.json
5M original,CoT,task_b,46,10,1.867163537979126,,,,export\models_5m\cot_task_b_s46_aligned\training_log.json
5M original,CoT,task_b,46,11,1.9070746555328368,,,,export\models_5m\cot_task_b_s46_aligned\training_log.json
5M original,CoT,task_b,46,12,1.8816103868484497,,,,export\models_5m\cot_task_b_s46_aligned\training_log.json
5M original,CoT,task_b,46,13,1.8654658403396607,,,,export\models_5m\cot_task_b_s46_aligned\training_log.json
5M original,CoT,task_b,46,14,1.8702151660919188,,,,export\models_5m\cot_task_b_s46_aligned\training_log.json
5M original,CoT,task_b,46,15,1.8791614294052124,,,,export\models_5m\cot_task_b_s46_aligned\training_log.json
5M original,CoT,task_b,46,16,1.8660942697525025,,,,export\models_5m\cot_task_b_s46_aligned\training_log.json
5M original,CoT,task_b,46,17,1.8555055809020997,,,,export\models_5m\cot_task_b_s46_aligned\training_log.json
5M original,CoT,task_b,46,18,1.8556685152053833,,,,export\models_5m\cot_task_b_s46_aligned\training_log.json
5M original,CoT,task_b,46,19,1.8553146572113037,,,,export\models_5m\cot_task_b_s46_aligned\training_log.json
5M original,CoT,task_b,46,20,1.8572567462921143,,,,export\models_5m\cot_task_b_s46_aligned\training_log.json
5M original,Recurrent Latent,task_a,42,1,2.1739288806915282,,,,export\models_5m\latent_task_a_s42_aligned\training_log.json
5M original,Recurrent Latent,task_a,42,2,2.1150781364440916,,,,export\models_5m\latent_task_a_s42_aligned\training_log.json
5M original,Recurrent Latent,task_a,42,3,2.1128576641082764,,,,export\models_5m\latent_task_a_s42_aligned\training_log.json
5M original,Recurrent Latent,task_a,42,4,2.104066158294678,,,,export\models_5m\latent_task_a_s42_aligned\training_log.json
5M original,Recurrent Latent,task_a,42,5,2.102244981765747,,,,export\models_5m\latent_task_a_s42_aligned\training_log.json
5M original,Recurrent Latent,task_a,42,6,2.091660108566284,,,,export\models_5m\latent_task_a_s42_aligned\training_log.json
5M original,Recurrent Latent,task_a,42,7,2.0880347118377687,,,,export\models_5m\latent_task_a_s42_aligned\training_log.json
5M original,Recurrent Latent,task_a,42,8,2.092415903091431,,,,export\models_5m\latent_task_a_s42_aligned\training_log.json
5M original,Recurrent Latent,task_a,42,9,2.0875191555023194,,,,export\models_5m\latent_task_a_s42_aligned\training_log.json
5M original,Recurrent Latent,task_a,42,10,2.0870315780639648,,,,export\models_5m\latent_task_a_s42_aligned\training_log.json
5M original,Recurrent Latent,task_a,42,11,2.0843355884552004,,,,export\models_5m\latent_task_a_s42_aligned\training_log.json
5M original,Recurrent Latent,task_a,42,12,2.085156993865967,,,,export\models_5m\latent_task_a_s42_aligned\training_log.json
5M original,Recurrent Latent,task_a,42,13,2.084567554473877,,,,export\models_5m\latent_task_a_s42_aligned\training_log.json
5M original,Recurrent Latent,task_a,42,14,2.082209190368652,,,,export\models_5m\latent_task_a_s42_aligned\training_log.json
5M original,Recurrent Latent,task_a,42,15,2.0824688301086427,,,,export\models_5m\latent_task_a_s42_aligned\training_log.json
5M original,Recurrent Latent,task_a,42,16,2.08221688079834,,,,export\models_5m\latent_task_a_s42_aligned\training_log.json
5M original,Recurrent Latent,task_a,42,17,2.0824483890533445,,,,export\models_5m\latent_task_a_s42_aligned\training_log.json
5M original,Recurrent Latent,task_a,42,18,2.0824470596313476,,,,export\models_5m\latent_task_a_s42_aligned\training_log.json
5M original,Recurrent Latent,task_a,42,19,2.080389389038086,,,,export\models_5m\latent_task_a_s42_aligned\training_log.json
5M original,Recurrent Latent,task_a,42,20,2.081430444717407,,,,export\models_5m\latent_task_a_s42_aligned\training_log.json
5M original,Recurrent Latent,task_a,43,1,2.1712589321136475,,,,export\models_5m\latent_task_a_s43_aligned\training_log.json
5M original,Recurrent Latent,task_a,43,2,2.1135722541809083,,,,export\models_5m\latent_task_a_s43_aligned\training_log.json
5M original,Recurrent Latent,task_a,43,3,2.1017194957733154,,,,export\models_5m\latent_task_a_s43_aligned\training_log.json
5M original,Recurrent Latent,task_a,43,4,2.1072842864990236,,,,export\models_5m\latent_task_a_s43_aligned\training_log.json
5M original,Recurrent Latent,task_a,43,5,2.0985772495269774,,,,export\models_5m\latent_task_a_s43_aligned\training_log.json
5M original,Recurrent Latent,task_a,43,6,2.0994858951568602,,,,export\models_5m\latent_task_a_s43_aligned\training_log.json
5M original,Recurrent Latent,task_a,43,7,2.0951995124816896,,,,export\models_5m\latent_task_a_s43_aligned\training_log.json
5M original,Recurrent Latent,task_a,43,8,2.091398748397827,,,,export\models_5m\latent_task_a_s43_aligned\training_log.json
5M original,Recurrent Latent,task_a,43,9,2.0901116523742678,,,,export\models_5m\latent_task_a_s43_aligned\training_log.json
5M original,Recurrent Latent,task_a,43,10,2.08677919960022,,,,export\models_5m\latent_task_a_s43_aligned\training_log.json
5M original,Recurrent Latent,task_a,43,11,2.086141948699951,,,,export\models_5m\latent_task_a_s43_aligned\training_log.json
5M original,Recurrent Latent,task_a,43,12,2.084606670379639,,,,export\models_5m\latent_task_a_s43_aligned\training_log.json
5M original,Recurrent Latent,task_a,43,13,2.084501037597656,,,,export\models_5m\latent_task_a_s43_aligned\training_log.json
5M original,Recurrent Latent,task_a,43,14,2.0838102989196776,,,,export\models_5m\latent_task_a_s43_aligned\training_log.json
5M original,Recurrent Latent,task_a,43,15,2.0839489555358885,,,,export\models_5m\latent_task_a_s43_aligned\training_log.json
5M original,Recurrent Latent,task_a,43,16,2.083293228149414,,,,export\models_5m\latent_task_a_s43_aligned\training_log.json
5M original,Recurrent Latent,task_a,43,17,2.0823943004608156,,,,export\models_5m\latent_task_a_s43_aligned\training_log.json
5M original,Recurrent Latent,task_a,43,18,2.0819273853302,,,,export\models_5m\latent_task_a_s43_aligned\training_log.json
5M original,Recurrent Latent,task_a,43,19,2.081310073852539,,,,export\models_5m\latent_task_a_s43_aligned\training_log.json
5M original,Recurrent Latent,task_a,43,20,2.081008205413818,,,,export\models_5m\latent_task_a_s43_aligned\training_log.json
5M original,Recurrent Latent,task_a,44,1,2.176239053726196,,,,export\models_5m\latent_task_a_s44_aligned\training_log.json
5M original,Recurrent Latent,task_a,44,2,2.1200595188140867,,,,export\models_5m\latent_task_a_s44_aligned\training_log.json
5M original,Recurrent Latent,task_a,44,3,2.1101434230804443,,,,export\models_5m\latent_task_a_s44_aligned\training_log.json
5M original,Recurrent Latent,task_a,44,4,2.103196557998657,,,,export\models_5m\latent_task_a_s44_aligned\training_log.json
5M original,Recurrent Latent,task_a,44,5,2.0980925064086913,,,,export\models_5m\latent_task_a_s44_aligned\training_log.json
5M original,Recurrent Latent,task_a,44,6,2.09930712890625,,,,export\models_5m\latent_task_a_s44_aligned\training_log.json
5M original,Recurrent Latent,task_a,44,7,2.0967071380615234,,,,export\models_5m\latent_task_a_s44_aligned\training_log.json
5M original,Recurrent Latent,task_a,44,8,2.0946217555999755,,,,export\models_5m\latent_task_a_s44_aligned\training_log.json
5M original,Recurrent Latent,task_a,44,9,2.090471263885498,,,,export\models_5m\latent_task_a_s44_aligned\training_log.json
5M original,Recurrent Latent,task_a,44,10,2.0903801593780518,,,,export\models_5m\latent_task_a_s44_aligned\training_log.json
5M original,Recurrent Latent,task_a,44,11,2.0882878322601317,,,,export\models_5m\latent_task_a_s44_aligned\training_log.json
5M original,Recurrent Latent,task_a,44,12,2.0859545078277586,,,,export\models_5m\latent_task_a_s44_aligned\training_log.json
5M original,Recurrent Latent,task_a,44,13,2.0856259231567384,,,,export\models_5m\latent_task_a_s44_aligned\training_log.json
5M original,Recurrent Latent,task_a,44,14,2.0831139335632325,,,,export\models_5m\latent_task_a_s44_aligned\training_log.json
5M original,Recurrent Latent,task_a,44,15,2.084519187927246,,,,export\models_5m\latent_task_a_s44_aligned\training_log.json
5M original,Recurrent Latent,task_a,44,16,2.084066129684448,,,,export\models_5m\latent_task_a_s44_aligned\training_log.json
5M original,Recurrent Latent,task_a,44,17,2.082943904876709,,,,export\models_5m\latent_task_a_s44_aligned\training_log.json
5M original,Recurrent Latent,task_a,44,18,2.0832251262664796,,,,export\models_5m\latent_task_a_s44_aligned\training_log.json
5M original,Recurrent Latent,task_a,44,19,2.08138498878479,,,,export\models_5m\latent_task_a_s44_aligned\training_log.json
5M original,Recurrent Latent,task_a,44,20,2.0819244022369383,,,,export\models_5m\latent_task_a_s44_aligned\training_log.json
5M original,Recurrent Latent,task_a,45,1,2.168932485580444,,,,export\models_5m\latent_task_a_s45_aligned\training_log.json
5M original,Recurrent Latent,task_a,45,2,2.117282529830933,,,,export\models_5m\latent_task_a_s45_aligned\training_log.json
5M original,Recurrent Latent,task_a,45,3,2.110539520263672,,,,export\models_5m\latent_task_a_s45_aligned\training_log.json
5M original,Recurrent Latent,task_a,45,4,2.1100602474212646,,,,export\models_5m\latent_task_a_s45_aligned\training_log.json
5M original,Recurrent Latent,task_a,45,5,2.0992369422912596,,,,export\models_5m\latent_task_a_s45_aligned\training_log.json
5M original,Recurrent Latent,task_a,45,6,2.094411079406738,,,,export\models_5m\latent_task_a_s45_aligned\training_log.json
5M original,Recurrent Latent,task_a,45,7,2.0974308738708496,,,,export\models_5m\latent_task_a_s45_aligned\training_log.json
5M original,Recurrent Latent,task_a,45,8,2.0922164516448976,,,,export\models_5m\latent_task_a_s45_aligned\training_log.json
5M original,Recurrent Latent,task_a,45,9,2.089668203353882,,,,export\models_5m\latent_task_a_s45_aligned\training_log.json
5M original,Recurrent Latent,task_a,45,10,2.0869416675567627,,,,export\models_5m\latent_task_a_s45_aligned\training_log.json
5M original,Recurrent Latent,task_a,45,11,2.088403148651123,,,,export\models_5m\latent_task_a_s45_aligned\training_log.json
5M original,Recurrent Latent,task_a,45,12,2.0855579776763915,,,,export\models_5m\latent_task_a_s45_aligned\training_log.json
5M original,Recurrent Latent,task_a,45,13,2.087889446258545,,,,export\models_5m\latent_task_a_s45_aligned\training_log.json
5M original,Recurrent Latent,task_a,45,14,2.0849675312042235,,,,export\models_5m\latent_task_a_s45_aligned\training_log.json
5M original,Recurrent Latent,task_a,45,15,2.0854068393707275,,,,export\models_5m\latent_task_a_s45_aligned\training_log.json
5M original,Recurrent Latent,task_a,45,16,2.0824330711364745,,,,export\models_5m\latent_task_a_s45_aligned\training_log.json
5M original,Recurrent Latent,task_a,45,17,2.08245280456543,,,,export\models_5m\latent_task_a_s45_aligned\training_log.json
5M original,Recurrent Latent,task_a,45,18,2.0839731674194337,,,,export\models_5m\latent_task_a_s45_aligned\training_log.json
5M original,Recurrent Latent,task_a,45,19,2.08299499130249,,,,export\models_5m\latent_task_a_s45_aligned\training_log.json
5M original,Recurrent Latent,task_a,45,20,2.082738655090332,,,,export\models_5m\latent_task_a_s45_aligned\training_log.json
5M original,Recurrent Latent,task_a,46,1,2.1743238773345945,,,,export\models_5m\latent_task_a_s46_aligned\training_log.json
5M original,Recurrent Latent,task_a,46,2,2.117545503616333,,,,export\models_5m\latent_task_a_s46_aligned\training_log.json
5M original,Recurrent Latent,task_a,46,3,2.1134391403198243,,,,export\models_5m\latent_task_a_s46_aligned\training_log.json
5M original,Recurrent Latent,task_a,46,4,2.1043076572418213,,,,export\models_5m\latent_task_a_s46_aligned\training_log.json
5M original,Recurrent Latent,task_a,46,5,2.1032644901275637,,,,export\models_5m\latent_task_a_s46_aligned\training_log.json
5M original,Recurrent Latent,task_a,46,6,2.092198043823242,,,,export\models_5m\latent_task_a_s46_aligned\training_log.json
5M original,Recurrent Latent,task_a,46,7,2.0988324661254882,,,,export\models_5m\latent_task_a_s46_aligned\training_log.json
5M original,Recurrent Latent,task_a,46,8,2.095636699676514,,,,export\models_5m\latent_task_a_s46_aligned\training_log.json
5M original,Recurrent Latent,task_a,46,9,2.0871252079010008,,,,export\models_5m\latent_task_a_s46_aligned\training_log.json
5M original,Recurrent Latent,task_a,46,10,2.092281650543213,,,,export\models_5m\latent_task_a_s46_aligned\training_log.json
5M original,Recurrent Latent,task_a,46,11,2.086783554077148,,,,export\models_5m\latent_task_a_s46_aligned\training_log.json
5M original,Recurrent Latent,task_a,46,12,2.0860384883880614,,,,export\models_5m\latent_task_a_s46_aligned\training_log.json
5M original,Recurrent Latent,task_a,46,13,2.085852964401245,,,,export\models_5m\latent_task_a_s46_aligned\training_log.json
5M original,Recurrent Latent,task_a,46,14,2.0854684143066406,,,,export\models_5m\latent_task_a_s46_aligned\training_log.json
5M original,Recurrent Latent,task_a,46,15,2.0842116546630858,,,,export\models_5m\latent_task_a_s46_aligned\training_log.json
5M original,Recurrent Latent,task_a,46,16,2.0839780616760253,,,,export\models_5m\latent_task_a_s46_aligned\training_log.json
5M original,Recurrent Latent,task_a,46,17,2.0846773014068605,,,,export\models_5m\latent_task_a_s46_aligned\training_log.json
5M original,Recurrent Latent,task_a,46,18,2.0839120121002197,,,,export\models_5m\latent_task_a_s46_aligned\training_log.json
5M original,Recurrent Latent,task_a,46,19,2.0834415969848634,,,,export\models_5m\latent_task_a_s46_aligned\training_log.json
5M original,Recurrent Latent,task_a,46,20,2.082375955581665,,,,export\models_5m\latent_task_a_s46_aligned\training_log.json
5M original,Recurrent Latent,task_b,42,1,2.362599292755127,,,,export\models_5m\latent_task_b_s42_aligned\training_log.json
5M original,Recurrent Latent,task_b,42,2,2.3160982284545897,,,,export\models_5m\latent_task_b_s42_aligned\training_log.json
5M original,Recurrent Latent,task_b,42,3,2.3094702072143556,,,,export\models_5m\latent_task_b_s42_aligned\training_log.json
5M original,Recurrent Latent,task_b,42,4,2.303879816055298,,,,export\models_5m\latent_task_b_s42_aligned\training_log.json
5M original,Recurrent Latent,task_b,42,5,2.298443655014038,,,,export\models_5m\latent_task_b_s42_aligned\training_log.json
5M original,Recurrent Latent,task_b,42,6,2.2944829597473144,,,,export\models_5m\latent_task_b_s42_aligned\training_log.json
5M original,Recurrent Latent,task_b,42,7,2.2927504901885984,,,,export\models_5m\latent_task_b_s42_aligned\training_log.json
5M original,Recurrent Latent,task_b,42,8,2.292286558151245,,,,export\models_5m\latent_task_b_s42_aligned\training_log.json
5M original,Recurrent Latent,task_b,42,9,2.2935082607269286,,,,export\models_5m\latent_task_b_s42_aligned\training_log.json
5M original,Recurrent Latent,task_b,42,10,2.2904178256988525,,,,export\models_5m\latent_task_b_s42_aligned\training_log.json
5M original,Recurrent Latent,task_b,42,11,2.2895678691864014,,,,export\models_5m\latent_task_b_s42_aligned\training_log.json
5M original,Recurrent Latent,task_b,42,12,2.2907818222045897,,,,export\models_5m\latent_task_b_s42_aligned\training_log.json
5M original,Recurrent Latent,task_b,42,13,2.291075569152832,,,,export\models_5m\latent_task_b_s42_aligned\training_log.json
5M original,Recurrent Latent,task_b,42,14,2.2883440895080565,,,,export\models_5m\latent_task_b_s42_aligned\training_log.json
5M original,Recurrent Latent,task_b,42,15,2.288075397491455,,,,export\models_5m\latent_task_b_s42_aligned\training_log.json
5M original,Recurrent Latent,task_b,42,16,2.2876233100891112,,,,export\models_5m\latent_task_b_s42_aligned\training_log.json
5M original,Recurrent Latent,task_b,42,17,2.287522102355957,,,,export\models_5m\latent_task_b_s42_aligned\training_log.json
5M original,Recurrent Latent,task_b,42,18,2.2859461250305175,,,,export\models_5m\latent_task_b_s42_aligned\training_log.json
5M original,Recurrent Latent,task_b,42,19,2.2856815757751465,,,,export\models_5m\latent_task_b_s42_aligned\training_log.json
5M original,Recurrent Latent,task_b,42,20,2.28552366065979,,,,export\models_5m\latent_task_b_s42_aligned\training_log.json
5M original,Recurrent Latent,task_b,43,1,2.3642694816589356,,,,export\models_5m\latent_task_b_s43_aligned\training_log.json
5M original,Recurrent Latent,task_b,43,2,2.3171609268188478,,,,export\models_5m\latent_task_b_s43_aligned\training_log.json
5M original,Recurrent Latent,task_b,43,3,2.30479337310791,,,,export\models_5m\latent_task_b_s43_aligned\training_log.json
5M original,Recurrent Latent,task_b,43,4,2.3046661186218262,,,,export\models_5m\latent_task_b_s43_aligned\training_log.json
5M original,Recurrent Latent,task_b,43,5,2.3005543041229246,,,,export\models_5m\latent_task_b_s43_aligned\training_log.json
5M original,Recurrent Latent,task_b,43,6,2.295248571395874,,,,export\models_5m\latent_task_b_s43_aligned\training_log.json
5M original,Recurrent Latent,task_b,43,7,2.2978717823028565,,,,export\models_5m\latent_task_b_s43_aligned\training_log.json
5M original,Recurrent Latent,task_b,43,8,2.2947039947509764,,,,export\models_5m\latent_task_b_s43_aligned\training_log.json
5M original,Recurrent Latent,task_b,43,9,2.29260933303833,,,,export\models_5m\latent_task_b_s43_aligned\training_log.json
5M original,Recurrent Latent,task_b,43,10,2.292183666229248,,,,export\models_5m\latent_task_b_s43_aligned\training_log.json
5M original,Recurrent Latent,task_b,43,11,2.2915620727539063,,,,export\models_5m\latent_task_b_s43_aligned\training_log.json
5M original,Recurrent Latent,task_b,43,12,2.2910733737945557,,,,export\models_5m\latent_task_b_s43_aligned\training_log.json
5M original,Recurrent Latent,task_b,43,13,2.290234251022339,,,,export\models_5m\latent_task_b_s43_aligned\training_log.json
5M original,Recurrent Latent,task_b,43,14,2.289047456741333,,,,export\models_5m\latent_task_b_s43_aligned\training_log.json
5M original,Recurrent Latent,task_b,43,15,2.287738487243652,,,,export\models_5m\latent_task_b_s43_aligned\training_log.json
5M original,Recurrent Latent,task_b,43,16,2.2863538455963135,,,,export\models_5m\latent_task_b_s43_aligned\training_log.json
5M original,Recurrent Latent,task_b,43,17,2.2851316204071046,,,,export\models_5m\latent_task_b_s43_aligned\training_log.json
5M original,Recurrent Latent,task_b,43,18,2.2908530864715577,,,,export\models_5m\latent_task_b_s43_aligned\training_log.json
5M original,Recurrent Latent,task_b,43,19,2.288463684082031,,,,export\models_5m\latent_task_b_s43_aligned\training_log.json
5M original,Recurrent Latent,task_b,43,20,2.2887473163604737,,,,export\models_5m\latent_task_b_s43_aligned\training_log.json
5M original,Recurrent Latent,task_b,44,1,2.3686144218444825,,,,export\models_5m\latent_task_b_s44_aligned\training_log.json
5M original,Recurrent Latent,task_b,44,2,2.3127854614257815,,,,export\models_5m\latent_task_b_s44_aligned\training_log.json
5M original,Recurrent Latent,task_b,44,3,2.3039875469207765,,,,export\models_5m\latent_task_b_s44_aligned\training_log.json
5M original,Recurrent Latent,task_b,44,4,2.3063859329223635,,,,export\models_5m\latent_task_b_s44_aligned\training_log.json
5M original,Recurrent Latent,task_b,44,5,2.305192901611328,,,,export\models_5m\latent_task_b_s44_aligned\training_log.json
5M original,Recurrent Latent,task_b,44,6,2.2980047359466553,,,,export\models_5m\latent_task_b_s44_aligned\training_log.json
5M original,Recurrent Latent,task_b,44,7,2.297933084487915,,,,export\models_5m\latent_task_b_s44_aligned\training_log.json
5M original,Recurrent Latent,task_b,44,8,2.2953032188415525,,,,export\models_5m\latent_task_b_s44_aligned\training_log.json
5M original,Recurrent Latent,task_b,44,9,2.292977705001831,,,,export\models_5m\latent_task_b_s44_aligned\training_log.json
5M original,Recurrent Latent,task_b,44,10,2.293454824447632,,,,export\models_5m\latent_task_b_s44_aligned\training_log.json
5M original,Recurrent Latent,task_b,44,11,2.2924482250213623,,,,export\models_5m\latent_task_b_s44_aligned\training_log.json
5M original,Recurrent Latent,task_b,44,12,2.291863893508911,,,,export\models_5m\latent_task_b_s44_aligned\training_log.json
5M original,Recurrent Latent,task_b,44,13,2.2897874774932863,,,,export\models_5m\latent_task_b_s44_aligned\training_log.json
5M original,Recurrent Latent,task_b,44,14,2.290583173751831,,,,export\models_5m\latent_task_b_s44_aligned\training_log.json
5M original,Recurrent Latent,task_b,44,15,2.289800046920776,,,,export\models_5m\latent_task_b_s44_aligned\training_log.json
5M original,Recurrent Latent,task_b,44,16,2.288567943572998,,,,export\models_5m\latent_task_b_s44_aligned\training_log.json
5M original,Recurrent Latent,task_b,44,17,2.289095947265625,,,,export\models_5m\latent_task_b_s44_aligned\training_log.json
5M original,Recurrent Latent,task_b,44,18,2.288802583694458,,,,export\models_5m\latent_task_b_s44_aligned\training_log.json
5M original,Recurrent Latent,task_b,44,19,2.2889175815582274,,,,export\models_5m\latent_task_b_s44_aligned\training_log.json
5M original,Recurrent Latent,task_b,44,20,2.287378709793091,,,,export\models_5m\latent_task_b_s44_aligned\training_log.json
5M original,Recurrent Latent,task_b,45,1,2.3549454917907715,,,,export\models_5m\latent_task_b_s45_aligned\training_log.json
5M original,Recurrent Latent,task_b,45,2,2.312764549255371,,,,export\models_5m\latent_task_b_s45_aligned\training_log.json
5M original,Recurrent Latent,task_b,45,3,2.3099447135925293,,,,export\models_5m\latent_task_b_s45_aligned\training_log.json
5M original,Recurrent Latent,task_b,45,4,2.301507369995117,,,,export\models_5m\latent_task_b_s45_aligned\training_log.json
5M original,Recurrent Latent,task_b,45,5,2.298904308319092,,,,export\models_5m\latent_task_b_s45_aligned\training_log.json
5M original,Recurrent Latent,task_b,45,6,2.2977969608306883,,,,export\models_5m\latent_task_b_s45_aligned\training_log.json
5M original,Recurrent Latent,task_b,45,7,2.2958296813964845,,,,export\models_5m\latent_task_b_s45_aligned\training_log.json
5M original,Recurrent Latent,task_b,45,8,2.292881540298462,,,,export\models_5m\latent_task_b_s45_aligned\training_log.json
5M original,Recurrent Latent,task_b,45,9,2.291380777359009,,,,export\models_5m\latent_task_b_s45_aligned\training_log.json
5M original,Recurrent Latent,task_b,45,10,2.290098901748657,,,,export\models_5m\latent_task_b_s45_aligned\training_log.json
5M original,Recurrent Latent,task_b,45,11,2.28875514793396,,,,export\models_5m\latent_task_b_s45_aligned\training_log.json
5M original,Recurrent Latent,task_b,45,12,2.289027603149414,,,,export\models_5m\latent_task_b_s45_aligned\training_log.json
5M original,Recurrent Latent,task_b,45,13,2.2872634105682375,,,,export\models_5m\latent_task_b_s45_aligned\training_log.json
5M original,Recurrent Latent,task_b,45,14,2.288983581542969,,,,export\models_5m\latent_task_b_s45_aligned\training_log.json
5M original,Recurrent Latent,task_b,45,15,2.2907504043579103,,,,export\models_5m\latent_task_b_s45_aligned\training_log.json
5M original,Recurrent Latent,task_b,45,16,2.2868386554718017,,,,export\models_5m\latent_task_b_s45_aligned\training_log.json
5M original,Recurrent Latent,task_b,45,17,2.2869895362854002,,,,export\models_5m\latent_task_b_s45_aligned\training_log.json
5M original,Recurrent Latent,task_b,45,18,2.28671346282959,,,,export\models_5m\latent_task_b_s45_aligned\training_log.json
5M original,Recurrent Latent,task_b,45,19,2.2875132598876955,,,,export\models_5m\latent_task_b_s45_aligned\training_log.json
5M original,Recurrent Latent,task_b,45,20,2.2875106983184814,,,,export\models_5m\latent_task_b_s45_aligned\training_log.json
5M original,Recurrent Latent,task_b,46,1,2.3612544021606445,,,,export\models_5m\latent_task_b_s46_aligned\training_log.json
5M original,Recurrent Latent,task_b,46,2,2.3172388191223146,,,,export\models_5m\latent_task_b_s46_aligned\training_log.json
5M original,Recurrent Latent,task_b,46,3,2.307639398574829,,,,export\models_5m\latent_task_b_s46_aligned\training_log.json
5M original,Recurrent Latent,task_b,46,4,2.300908592224121,,,,export\models_5m\latent_task_b_s46_aligned\training_log.json
5M original,Recurrent Latent,task_b,46,5,2.3014976272583008,,,,export\models_5m\latent_task_b_s46_aligned\training_log.json
5M original,Recurrent Latent,task_b,46,6,2.2986018352508544,,,,export\models_5m\latent_task_b_s46_aligned\training_log.json
5M original,Recurrent Latent,task_b,46,7,2.2987952995300294,,,,export\models_5m\latent_task_b_s46_aligned\training_log.json
5M original,Recurrent Latent,task_b,46,8,2.2986039714813233,,,,export\models_5m\latent_task_b_s46_aligned\training_log.json
5M original,Recurrent Latent,task_b,46,9,2.2947324180603026,,,,export\models_5m\latent_task_b_s46_aligned\training_log.json
5M original,Recurrent Latent,task_b,46,10,2.293986213684082,,,,export\models_5m\latent_task_b_s46_aligned\training_log.json
5M original,Recurrent Latent,task_b,46,11,2.293602420806885,,,,export\models_5m\latent_task_b_s46_aligned\training_log.json
5M original,Recurrent Latent,task_b,46,12,2.292175895690918,,,,export\models_5m\latent_task_b_s46_aligned\training_log.json
5M original,Recurrent Latent,task_b,46,13,2.2934413890838625,,,,export\models_5m\latent_task_b_s46_aligned\training_log.json
5M original,Recurrent Latent,task_b,46,14,2.291480314254761,,,,export\models_5m\latent_task_b_s46_aligned\training_log.json
5M original,Recurrent Latent,task_b,46,15,2.290794792175293,,,,export\models_5m\latent_task_b_s46_aligned\training_log.json
5M original,Recurrent Latent,task_b,46,16,2.2882583236694334,,,,export\models_5m\latent_task_b_s46_aligned\training_log.json
5M original,Recurrent Latent,task_b,46,17,2.288081085205078,,,,export\models_5m\latent_task_b_s46_aligned\training_log.json
5M original,Recurrent Latent,task_b,46,18,2.2893520488739014,,,,export\models_5m\latent_task_b_s46_aligned\training_log.json
5M original,Recurrent Latent,task_b,46,19,2.289958185195923,,,,export\models_5m\latent_task_b_s46_aligned\training_log.json
5M original,Recurrent Latent,task_b,46,20,2.28995973777771,,,,export\models_5m\latent_task_b_s46_aligned\training_log.json
5M recovery,CoT,task_a,42,1,1.9373741092681884,0.0001,1.4088556723594665,0.944,export\models_5m_recovery\cot_task_a_s42_recovery\training_log.json
5M recovery,CoT,task_a,42,2,1.635981029510498,0.0002,1.465261004447937,0.92,export\models_5m_recovery\cot_task_a_s42_recovery\training_log.json
5M recovery,CoT,task_a,42,3,1.587604386329651,0.0003,1.56414253282547,0.976,export\models_5m_recovery\cot_task_a_s42_recovery\training_log.json
5M recovery,CoT,task_a,42,4,1.5142584838867188,0.0004,1.5742656345367432,0.976,export\models_5m_recovery\cot_task_a_s42_recovery\training_log.json
5M recovery,CoT,task_a,42,5,1.4646267948150635,0.0005,1.570826874256134,0.992,export\models_5m_recovery\cot_task_a_s42_recovery\training_log.json
5M recovery,CoT,task_a,42,6,1.40154088306427,0.0005,1.5335252647399902,0.992,export\models_5m_recovery\cot_task_a_s42_recovery\training_log.json
5M recovery,CoT,task_a,42,7,1.2851001949310303,0.0004994031923136569,1.4015476288795472,0.96,export\models_5m_recovery\cot_task_a_s42_recovery\training_log.json
5M recovery,CoT,task_a,42,8,1.196697467803955,0.0004976156768416848,1.3448615827560424,0.96,export\models_5m_recovery\cot_task_a_s42_recovery\training_log.json
5M recovery,CoT,task_a,42,9,1.0963277153968811,0.0004946461621797825,1.2244275398254394,0.88,export\models_5m_recovery\cot_task_a_s42_recovery\training_log.json
5M recovery,CoT,task_a,42,10,0.9926502618789673,0.0004905091155048882,1.1762967295646667,0.888,export\models_5m_recovery\cot_task_a_s42_recovery\training_log.json
5M recovery,CoT,task_a,42,11,0.9090459265708923,0.0004852246920925475,1.0686108207702636,0.608,export\models_5m_recovery\cot_task_a_s42_recovery\training_log.json
5M recovery,CoT,task_a,42,12,0.8486462769508362,0.00047881863712243716,0.9971347985267639,0.376,export\models_5m_recovery\cot_task_a_s42_recovery\training_log.json
5M recovery,CoT,task_a,42,13,0.815169792175293,0.0004713221602504371,1.0270425720214844,0.528,export\models_5m_recovery\cot_task_a_s42_recovery\training_log.json
5M recovery,CoT,task_a,42,14,0.7853694281578064,0.00046277178355832435,0.9859110455513,0.416,export\models_5m_recovery\cot_task_a_s42_recovery\training_log.json
5M recovery,CoT,task_a,42,15,0.7573041729927062,0.00045320916362186214,1.0473140635490417,0.488,export\models_5m_recovery\cot_task_a_s42_recovery\training_log.json
5M recovery,CoT,task_a,42,16,0.7444090752601623,0.0004426808885641496,1.0134803333282472,0.432,export\models_5m_recovery\cot_task_a_s42_recovery\training_log.json
5M recovery,CoT,task_a,42,17,0.7242337036132812,0.00043123825108296954,1.0016388001441956,0.408,export\models_5m_recovery\cot_task_a_s42_recovery\training_log.json
5M recovery,CoT,task_a,42,18,0.7132151207923889,0.0004189369985579203,1.0195952596664428,0.432,export\models_5m_recovery\cot_task_a_s42_recovery\training_log.json
5M recovery,CoT,task_a,42,19,0.7007940397262573,0.0004058370614547863,0.9448173832893372,0.328,export\models_5m_recovery\cot_task_a_s42_recovery\training_log.json
5M recovery,CoT,task_a,42,20,0.6936004910469055,0.00039200226135033294,0.9716109194755554,0.352,export\models_5m_recovery\cot_task_a_s42_recovery\training_log.json
5M recovery,CoT,task_a,42,21,0.6844593510627747,0.0003775,0.9193548808097839,0.28,export\models_5m_recovery\cot_task_a_s42_recovery\training_log.json
5M recovery,CoT,task_a,42,22,0.6676637139320374,0.000362400930963324,0.8230129594802856,0.176,export\models_5m_recovery\cot_task_a_s42_recovery\training_log.json
5M recovery,CoT,task_a,42,23,0.65978857421875,0.00034677861538689845,0.7916718997955322,0.088,export\models_5m_recovery\cot_task_a_s42_recovery\training_log.json
5M recovery,CoT,task_a,42,24,0.6549652671813965,0.00033070916362186215,0.7488956434726715,0.104,export\models_5m_recovery\cot_task_a_s42_recovery\training_log.json
5M recovery,CoT,task_a,42,25,0.651693507194519,0.00031427086442191855,0.7648220796585083,0.128,export\models_5m_recovery\cot_task_a_s42_recovery\training_log.json
5M recovery,CoT,task_a,42,26,0.6493801255226135,0.000297543803528398,0.7634582974910736,0.144,export\models_5m_recovery\cot_task_a_s42_recovery\training_log.json
5M recovery,CoT,task_a,42,27,0.6482520685195923,0.00028060947350057514,0.709944757938385,0.064,export\models_5m_recovery\cot_task_a_s42_recovery\training_log.json
5M recovery,CoT,task_a,42,28,0.6429329581260681,0.0002635503766921128,0.6993131685256958,0.064,export\models_5m_recovery\cot_task_a_s42_recovery\training_log.json
5M recovery,CoT,task_a,42,29,0.6363866457939148,0.00024644962330788733,0.6315882754325867,0.016,export\models_5m_recovery\cot_task_a_s42_recovery\training_log.json
5M recovery,CoT,task_a,42,30,0.637188738822937,0.00022939052649942497,0.646409107208252,0.008,export\models_5m_recovery\cot_task_a_s42_recovery\training_log.json
5M recovery,CoT,task_a,42,31,0.6322171354293823,0.0002124561964716021,0.618910603761673,0.032,export\models_5m_recovery\cot_task_a_s42_recovery\training_log.json
5M recovery,CoT,task_a,42,32,0.6289479255676269,0.00019572913557808146,0.5844423484802246,0.0,export\models_5m_recovery\cot_task_a_s42_recovery\training_log.json
5M recovery,CoT,task_a,42,33,0.6276548533439636,0.00017929083637813792,0.5941156170368195,0.016,export\models_5m_recovery\cot_task_a_s42_recovery\training_log.json
5M recovery,CoT,task_a,42,34,0.6262150926589966,0.00016322138461310155,0.6046665108203888,0.016,export\models_5m_recovery\cot_task_a_s42_recovery\training_log.json
5M recovery,CoT,task_a,42,35,0.6238314704895019,0.00014759906903667603,0.5730452842712402,0.008,export\models_5m_recovery\cot_task_a_s42_recovery\training_log.json
5M recovery,CoT,task_a,42,36,0.6225081815719604,0.00013250000000000008,0.6052205982208252,0.008,export\models_5m_recovery\cot_task_a_s42_recovery\training_log.json
5M recovery,CoT,task_a,42,37,0.620256100654602,0.00011799773864966707,0.5739751241207123,0.008,export\models_5m_recovery\cot_task_a_s42_recovery\training_log.json
5M recovery,CoT,task_a,42,38,0.6171327853202819,0.00010416293854521372,0.5507095229625701,0.016,export\models_5m_recovery\cot_task_a_s42_recovery\training_log.json
5M recovery,CoT,task_a,42,39,0.6149586744308472,9.10630014420798e-05,0.5357427453994751,0.008,export\models_5m_recovery\cot_task_a_s42_recovery\training_log.json
5M recovery,CoT,task_a,42,40,0.6129491333961486,7.87617489170305e-05,0.5514492073059082,0.0,export\models_5m_recovery\cot_task_a_s42_recovery\training_log.json
5M recovery,CoT,task_a,42,41,0.6111822600364685,6.731911143585041e-05,0.5406783196926117,0.0,export\models_5m_recovery\cot_task_a_s42_recovery\training_log.json
5M recovery,CoT,task_a,42,42,0.6091051220893859,5.67908363781379e-05,0.5300451040267944,0.0,export\models_5m_recovery\cot_task_a_s42_recovery\training_log.json
5M recovery,CoT,task_a,42,43,0.6074092354774475,4.722821644167565e-05,0.5288553659915924,0.0,export\models_5m_recovery\cot_task_a_s42_recovery\training_log.json
5M recovery,CoT,task_a,42,44,0.6065168147087097,3.867783974956289e-05,0.534846657037735,0.0,export\models_5m_recovery\cot_task_a_s42_recovery\training_log.json
5M recovery,CoT,task_a,42,45,0.6046297249794006,3.118136287756276e-05,0.5326038765907287,0.0,export\models_5m_recovery\cot_task_a_s42_recovery\training_log.json
5M recovery,CoT,task_a,42,46,0.6039191441535949,2.4775307907452464e-05,0.5242863035202027,0.0,export\models_5m_recovery\cot_task_a_s42_recovery\training_log.json
5M recovery,CoT,task_a,42,47,0.6029215359687805,1.9490884495111872e-05,0.5185734646320344,0.0,export\models_5m_recovery\cot_task_a_s42_recovery\training_log.json
5M recovery,CoT,task_a,42,48,0.6013914723396301,1.5353837820217605e-05,0.5226367263793945,0.0,export\models_5m_recovery\cot_task_a_s42_recovery\training_log.json
5M recovery,CoT,task_a,42,49,0.601458288192749,1.2384323158315261e-05,0.5251412818431854,0.0,export\models_5m_recovery\cot_task_a_s42_recovery\training_log.json
5M recovery,CoT,task_a,42,50,0.6003778028488159,1.0596807686343073e-05,0.5299125409126282,0.0,export\models_5m_recovery\cot_task_a_s42_recovery\training_log.json
5M recovery,CoT,task_a,43,1,1.9773565664291382,0.0001,1.4810862860679626,0.976,export\models_5m_recovery\cot_task_a_s43_recovery\training_log.json
5M recovery,CoT,task_a,43,2,1.6412805337905885,0.0002,1.409322250843048,0.904,export\models_5m_recovery\cot_task_a_s43_recovery\training_log.json
5M recovery,CoT,task_a,43,3,1.591189465522766,0.0003,1.3812154321670531,0.88,export\models_5m_recovery\cot_task_a_s43_recovery\training_log.json
5M recovery,CoT,task_a,43,4,1.542082471847534,0.0004,1.49525634765625,0.968,export\models_5m_recovery\cot_task_a_s43_recovery\training_log.json
5M recovery,CoT,task_a,43,5,1.4773493356704712,0.0005,1.529442599773407,0.984,export\models_5m_recovery\cot_task_a_s43_recovery\training_log.json
5M recovery,CoT,task_a,43,6,1.3390816097259521,0.0005,1.504437586784363,1.0,export\models_5m_recovery\cot_task_a_s43_recovery\training_log.json
5M recovery,CoT,task_a,43,7,1.2057558574676515,0.0004994031923136569,1.3689742441177368,1.0,export\models_5m_recovery\cot_task_a_s43_recovery\training_log.json
5M recovery,CoT,task_a,43,8,1.0930562243461608,0.0004976156768416848,1.400856185913086,0.992,export\models_5m_recovery\cot_task_a_s43_recovery\training_log.json
5M recovery,CoT,task_a,43,9,0.9302446494102478,0.0004946461621797825,1.3441999888420104,0.92,export\models_5m_recovery\cot_task_a_s43_recovery\training_log.json
5M recovery,CoT,task_a,43,10,0.8315667614936829,0.0004905091155048882,1.1108363847732543,0.64,export\models_5m_recovery\cot_task_a_s43_recovery\training_log.json
5M recovery,CoT,task_a,43,11,0.7943981313705444,0.0004852246920925475,1.0061506009101868,0.464,export\models_5m_recovery\cot_task_a_s43_recovery\training_log.json
5M recovery,CoT,task_a,43,12,0.7671851553916931,0.00047881863712243716,0.9415356884002686,0.304,export\models_5m_recovery\cot_task_a_s43_recovery\training_log.json
5M recovery,CoT,task_a,43,13,0.756557755947113,0.0004713221602504371,1.0113297872543334,0.416,export\models_5m_recovery\cot_task_a_s43_recovery\training_log.json
5M recovery,CoT,task_a,43,14,0.7390228295326233,0.00046277178355832435,0.9898113679885864,0.376,export\models_5m_recovery\cot_task_a_s43_recovery\training_log.json
5M recovery,CoT,task_a,43,15,0.7191413445472717,0.00045320916362186214,0.9290663986206055,0.304,export\models_5m_recovery\cot_task_a_s43_recovery\training_log.json
5M recovery,CoT,task_a,43,16,0.7136297035217285,0.0004426808885641496,0.9586210670471191,0.392,export\models_5m_recovery\cot_task_a_s43_recovery\training_log.json
5M recovery,CoT,task_a,43,17,0.6999510478973389,0.00043123825108296954,0.9343202657699585,0.328,export\models_5m_recovery\cot_task_a_s43_recovery\training_log.json
5M recovery,CoT,task_a,43,18,0.6863199625015258,0.0004189369985579203,0.9093153176307678,0.272,export\models_5m_recovery\cot_task_a_s43_recovery\training_log.json
5M recovery,CoT,task_a,43,19,0.6807814860343933,0.0004058370614547863,0.9031473870277404,0.288,export\models_5m_recovery\cot_task_a_s43_recovery\training_log.json
5M recovery,CoT,task_a,43,20,0.6703761692047119,0.00039200226135033294,0.7939160759449005,0.144,export\models_5m_recovery\cot_task_a_s43_recovery\training_log.json
5M recovery,CoT,task_a,43,21,0.6649676475524903,0.0003775,0.7871233668327332,0.128,export\models_5m_recovery\cot_task_a_s43_recovery\training_log.json
5M recovery,CoT,task_a,43,22,0.6636047496795654,0.000362400930963324,0.8152373950481415,0.192,export\models_5m_recovery\cot_task_a_s43_recovery\training_log.json
5M recovery,CoT,task_a,43,23,0.6567118349075317,0.00034677861538689845,0.70839888381958,0.112,export\models_5m_recovery\cot_task_a_s43_recovery\training_log.json
5M recovery,CoT,task_a,43,24,0.651876106262207,0.00033070916362186215,0.7062134652137756,0.072,export\models_5m_recovery\cot_task_a_s43_recovery\training_log.json
5M recovery,CoT,task_a,43,25,0.6442498908042907,0.00031427086442191855,0.633609679222107,0.016,export\models_5m_recovery\cot_task_a_s43_recovery\training_log.json
5M recovery,CoT,task_a,43,26,0.6466520991325378,0.000297543803528398,0.7212973892688751,0.064,export\models_5m_recovery\cot_task_a_s43_recovery\training_log.json
5M recovery,CoT,task_a,43,27,0.6435316243171691,0.00028060947350057514,0.6942391846179962,0.064,export\models_5m_recovery\cot_task_a_s43_recovery\training_log.json
5M recovery,CoT,task_a,43,28,0.6377828993797302,0.0002635503766921128,0.6528467557430268,0.056,export\models_5m_recovery\cot_task_a_s43_recovery\training_log.json
5M recovery,CoT,task_a,43,29,0.634996464729309,0.00024644962330788733,0.6541461958885193,0.048,export\models_5m_recovery\cot_task_a_s43_recovery\training_log.json
5M recovery,CoT,task_a,43,30,0.6310614385604858,0.00022939052649942497,0.5998471925258636,0.008,export\models_5m_recovery\cot_task_a_s43_recovery\training_log.json
5M recovery,CoT,task_a,43,31,0.6290640587806702,0.0002124561964716021,0.56420614361763,0.008,export\models_5m_recovery\cot_task_a_s43_recovery\training_log.json
5M recovery,CoT,task_a,43,32,0.6266060152053833,0.00019572913557808146,0.571230239868164,0.0,export\models_5m_recovery\cot_task_a_s43_recovery\training_log.json
5M recovery,CoT,task_a,43,33,0.6231494069099426,0.00017929083637813792,0.5534616293907165,0.008,export\models_5m_recovery\cot_task_a_s43_recovery\training_log.json
5M recovery,CoT,task_a,43,34,0.6235635814666748,0.00016322138461310155,0.5900634548664093,0.016,export\models_5m_recovery\cot_task_a_s43_recovery\training_log.json
5M recovery,CoT,task_a,43,35,0.6186255092620849,0.00014759906903667603,0.5213864152431488,0.008,export\models_5m_recovery\cot_task_a_s43_recovery\training_log.json
5M recovery,CoT,task_a,43,36,0.6166784687042236,0.00013250000000000008,0.5252037398815155,0.0,export\models_5m_recovery\cot_task_a_s43_recovery\training_log.json
5M recovery,CoT,task_a,43,37,0.613718683719635,0.00011799773864966707,0.5143675098419189,0.0,export\models_5m_recovery\cot_task_a_s43_recovery\training_log.json
5M recovery,CoT,task_a,43,38,0.6135356025695801,0.00010416293854521372,0.5380322918891907,0.016,export\models_5m_recovery\cot_task_a_s43_recovery\training_log.json
5M recovery,CoT,task_a,43,39,0.6116332330703735,9.10630014420798e-05,0.4972999317646027,0.0,export\models_5m_recovery\cot_task_a_s43_recovery\training_log.json
5M recovery,CoT,task_a,43,40,0.6096609139442444,7.87617489170305e-05,0.49535299277305606,0.0,export\models_5m_recovery\cot_task_a_s43_recovery\training_log.json
5M recovery,CoT,task_a,43,41,0.6085078363418579,6.731911143585041e-05,0.48748285818099973,0.0,export\models_5m_recovery\cot_task_a_s43_recovery\training_log.json
5M recovery,CoT,task_a,43,42,0.6074121775627136,5.67908363781379e-05,0.5041804695129395,0.0,export\models_5m_recovery\cot_task_a_s43_recovery\training_log.json
5M recovery,CoT,task_a,43,43,0.6050775098800659,4.722821644167565e-05,0.49175566840171814,0.0,export\models_5m_recovery\cot_task_a_s43_recovery\training_log.json
5M recovery,CoT,task_a,43,44,0.6043002982139587,3.867783974956289e-05,0.49756666588783266,0.0,export\models_5m_recovery\cot_task_a_s43_recovery\training_log.json
5M recovery,CoT,task_a,43,45,0.6030152373313904,3.118136287756276e-05,0.4930401861667633,0.008,export\models_5m_recovery\cot_task_a_s43_recovery\training_log.json
5M recovery,CoT,task_a,43,46,0.6022473130226135,2.4775307907452464e-05,0.4988593149185181,0.0,export\models_5m_recovery\cot_task_a_s43_recovery\training_log.json
5M recovery,CoT,task_a,43,47,0.6016649732589722,1.9490884495111872e-05,0.49636424517631533,0.0,export\models_5m_recovery\cot_task_a_s43_recovery\training_log.json
5M recovery,CoT,task_a,43,48,0.6009094567298889,1.5353837820217605e-05,0.5037422518730164,0.0,export\models_5m_recovery\cot_task_a_s43_recovery\training_log.json
5M recovery,CoT,task_a,43,49,0.6002804698944092,1.2384323158315261e-05,0.4995650053024292,0.0,export\models_5m_recovery\cot_task_a_s43_recovery\training_log.json
5M recovery,CoT,task_a,43,50,0.5996835336685181,1.0596807686343073e-05,0.5076542649269103,0.0,export\models_5m_recovery\cot_task_a_s43_recovery\training_log.json
5M recovery,CoT,task_a,44,1,1.9774867401123046,0.0001,1.5292866048812865,0.992,export\models_5m_recovery\cot_task_a_s44_recovery\training_log.json
5M recovery,CoT,task_a,44,2,1.6310689144134523,0.0002,1.4921246299743651,0.992,export\models_5m_recovery\cot_task_a_s44_recovery\training_log.json
5M recovery,CoT,task_a,44,3,1.5679027376174928,0.0003,1.5776494431495667,0.968,export\models_5m_recovery\cot_task_a_s44_recovery\training_log.json
5M recovery,CoT,task_a,44,4,1.507695605278015,0.0004,1.5967328100204468,1.0,export\models_5m_recovery\cot_task_a_s44_recovery\training_log.json
5M recovery,CoT,task_a,44,5,1.4475404405593872,0.0005,1.6362270555496217,0.984,export\models_5m_recovery\cot_task_a_s44_recovery\training_log.json
5M recovery,CoT,task_a,44,6,1.3771355304718018,0.0005,1.523833480834961,0.992,export\models_5m_recovery\cot_task_a_s44_recovery\training_log.json
5M recovery,CoT,task_a,44,7,1.2871764144897462,0.0004994031923136569,1.520899901866913,0.992,export\models_5m_recovery\cot_task_a_s44_recovery\training_log.json
5M recovery,CoT,task_a,44,8,1.1578134298324585,0.0004976156768416848,1.3909340267181396,1.0,export\models_5m_recovery\cot_task_a_s44_recovery\training_log.json
5M recovery,CoT,task_a,44,9,1.053442126750946,0.0004946461621797825,1.2996725687980653,0.96,export\models_5m_recovery\cot_task_a_s44_recovery\training_log.json
5M recovery,CoT,task_a,44,10,0.961586480140686,0.0004905091155048882,1.3010934581756592,0.96,export\models_5m_recovery\cot_task_a_s44_recovery\training_log.json
5M recovery,CoT,task_a,44,11,0.8831894421577453,0.0004852246920925475,1.211834436416626,0.856,export\models_5m_recovery\cot_task_a_s44_recovery\training_log.json
5M recovery,CoT,task_a,44,12,0.8328703255653381,0.00047881863712243716,1.2062018027305603,0.808,export\models_5m_recovery\cot_task_a_s44_recovery\training_log.json
5M recovery,CoT,task_a,44,13,0.7856111025810242,0.0004713221602504371,1.1623880414962768,0.72,export\models_5m_recovery\cot_task_a_s44_recovery\training_log.json
5M recovery,CoT,task_a,44,14,0.7540781812667847,0.00046277178355832435,1.095986261844635,0.584,export\models_5m_recovery\cot_task_a_s44_recovery\training_log.json
5M recovery,CoT,task_a,44,15,0.733237762928009,0.00045320916362186214,1.0162526726722718,0.464,export\models_5m_recovery\cot_task_a_s44_recovery\training_log.json
5M recovery,CoT,task_a,44,16,0.7086194281578064,0.0004426808885641496,1.0364343628883361,0.432,export\models_5m_recovery\cot_task_a_s44_recovery\training_log.json
5M recovery,CoT,task_a,44,17,0.6941433267593384,0.00043123825108296954,0.9920045726299286,0.4,export\models_5m_recovery\cot_task_a_s44_recovery\training_log.json
5M recovery,CoT,task_a,44,18,0.6927646565437316,0.0004189369985579203,1.0029853653907777,0.376,export\models_5m_recovery\cot_task_a_s44_recovery\training_log.json
5M recovery,CoT,task_a,44,19,0.6736502757072449,0.0004058370614547863,0.9106397986412048,0.288,export\models_5m_recovery\cot_task_a_s44_recovery\training_log.json
5M recovery,CoT,task_a,44,20,0.6682921528816224,0.00039200226135033294,0.8829204034805298,0.256,export\models_5m_recovery\cot_task_a_s44_recovery\training_log.json
5M recovery,CoT,task_a,44,21,0.6573621892929077,0.0003775,0.8115929982662201,0.128,export\models_5m_recovery\cot_task_a_s44_recovery\training_log.json
5M recovery,CoT,task_a,44,22,0.6568073334693909,0.000362400930963324,0.7772504453659057,0.144,export\models_5m_recovery\cot_task_a_s44_recovery\training_log.json
5M recovery,CoT,task_a,44,23,0.6488319010734558,0.00034677861538689845,0.7307134029865265,0.08,export\models_5m_recovery\cot_task_a_s44_recovery\training_log.json
5M recovery,CoT,task_a,44,24,0.6442466282844543,0.00033070916362186215,0.7234939248561859,0.088,export\models_5m_recovery\cot_task_a_s44_recovery\training_log.json
5M recovery,CoT,task_a,44,25,0.6455413627624512,0.00031427086442191855,0.7049970140457154,0.056,export\models_5m_recovery\cot_task_a_s44_recovery\training_log.json
5M recovery,CoT,task_a,44,26,0.6402667937278748,0.000297543803528398,0.6351790618896485,0.048,export\models_5m_recovery\cot_task_a_s44_recovery\training_log.json
5M recovery,CoT,task_a,44,27,0.6385312623977661,0.00028060947350057514,0.6065213544368744,0.008,export\models_5m_recovery\cot_task_a_s44_recovery\training_log.json
5M recovery,CoT,task_a,44,28,0.6358715395927429,0.0002635503766921128,0.5764154334068299,0.0,export\models_5m_recovery\cot_task_a_s44_recovery\training_log.json
5M recovery,CoT,task_a,44,29,0.6351412897109985,0.00024644962330788733,0.5771047842502594,0.024,export\models_5m_recovery\cot_task_a_s44_recovery\training_log.json
5M recovery,CoT,task_a,44,30,0.6337854356765747,0.00022939052649942497,0.60694415974617,0.04,export\models_5m_recovery\cot_task_a_s44_recovery\training_log.json
5M recovery,CoT,task_a,44,31,0.6344717183113098,0.0002124561964716021,0.6330528452396392,0.032,export\models_5m_recovery\cot_task_a_s44_recovery\training_log.json
5M recovery,CoT,task_a,44,32,0.6312308511734008,0.00019572913557808146,0.548703400850296,0.0,export\models_5m_recovery\cot_task_a_s44_recovery\training_log.json
5M recovery,CoT,task_a,44,33,0.630525990486145,0.00017929083637813792,0.5644536826610566,0.008,export\models_5m_recovery\cot_task_a_s44_recovery\training_log.json
5M recovery,CoT,task_a,44,34,0.6278966536521912,0.00016322138461310155,0.525853670835495,0.0,export\models_5m_recovery\cot_task_a_s44_recovery\training_log.json
5M recovery,CoT,task_a,44,35,0.6280971927642822,0.00014759906903667603,0.5283128764629365,0.0,export\models_5m_recovery\cot_task_a_s44_recovery\training_log.json
5M recovery,CoT,task_a,44,36,0.6255448193550109,0.00013250000000000008,0.5223561882972717,0.0,export\models_5m_recovery\cot_task_a_s44_recovery\training_log.json
5M recovery,CoT,task_a,44,37,0.624896831035614,0.00011799773864966707,0.5130585839748383,0.008,export\models_5m_recovery\cot_task_a_s44_recovery\training_log.json
5M recovery,CoT,task_a,44,38,0.6234779353141785,0.00010416293854521372,0.5156599853038788,0.0,export\models_5m_recovery\cot_task_a_s44_recovery\training_log.json
5M recovery,CoT,task_a,44,39,0.6225722751617432,9.10630014420798e-05,0.5143307099342346,0.0,export\models_5m_recovery\cot_task_a_s44_recovery\training_log.json
5M recovery,CoT,task_a,44,40,0.6212050085067748,7.87617489170305e-05,0.5127630100250244,0.008,export\models_5m_recovery\cot_task_a_s44_recovery\training_log.json
5M recovery,CoT,task_a,44,41,0.6204570202827454,6.731911143585041e-05,0.5204994585514069,0.0,export\models_5m_recovery\cot_task_a_s44_recovery\training_log.json
5M recovery,CoT,task_a,44,42,0.6203203129768372,5.67908363781379e-05,0.5276532788276672,0.008,export\models_5m_recovery\cot_task_a_s44_recovery\training_log.json
5M recovery,CoT,task_a,44,43,0.6182195968627929,4.722821644167565e-05,0.5123185303211212,0.0,export\models_5m_recovery\cot_task_a_s44_recovery\training_log.json
5M recovery,CoT,task_a,44,44,0.6175185580253602,3.867783974956289e-05,0.5044167041778564,0.0,export\models_5m_recovery\cot_task_a_s44_recovery\training_log.json
5M recovery,CoT,task_a,44,45,0.6163631658554077,3.118136287756276e-05,0.5078025376796722,0.0,export\models_5m_recovery\cot_task_a_s44_recovery\training_log.json
5M recovery,CoT,task_a,44,46,0.6161166119575501,2.4775307907452464e-05,0.5135565872192382,0.0,export\models_5m_recovery\cot_task_a_s44_recovery\training_log.json
5M recovery,CoT,task_a,44,47,0.6146862845420837,1.9490884495111872e-05,0.5047172727584839,0.0,export\models_5m_recovery\cot_task_a_s44_recovery\training_log.json
5M recovery,CoT,task_a,44,48,0.6143036556243896,1.5353837820217605e-05,0.5042926478385925,0.0,export\models_5m_recovery\cot_task_a_s44_recovery\training_log.json
5M recovery,CoT,task_a,44,49,0.6140005049705506,1.2384323158315261e-05,0.5067436516284942,0.0,export\models_5m_recovery\cot_task_a_s44_recovery\training_log.json
5M recovery,CoT,task_a,44,50,0.6132522058486939,1.0596807686343073e-05,0.5053192553520203,0.008,export\models_5m_recovery\cot_task_a_s44_recovery\training_log.json
5M recovery,CoT,task_a,45,1,1.9639394493103028,0.0001,1.4072148604393004,0.952,export\models_5m_recovery\cot_task_a_s45_recovery\training_log.json
5M recovery,CoT,task_a,45,2,1.642144108772278,0.0002,1.4627691316604614,0.968,export\models_5m_recovery\cot_task_a_s45_recovery\training_log.json
5M recovery,CoT,task_a,45,3,1.5715685272216797,0.0003,1.473837255001068,0.96,export\models_5m_recovery\cot_task_a_s45_recovery\training_log.json
5M recovery,CoT,task_a,45,4,1.4990298500061034,0.0004,1.392455729484558,0.944,export\models_5m_recovery\cot_task_a_s45_recovery\training_log.json
5M recovery,CoT,task_a,45,5,1.4618484077453613,0.0005,1.3207229194641112,0.896,export\models_5m_recovery\cot_task_a_s45_recovery\training_log.json
5M recovery,CoT,task_a,45,6,1.3782464618682861,0.0005,1.2451211915016174,0.88,export\models_5m_recovery\cot_task_a_s45_recovery\training_log.json
5M recovery,CoT,task_a,45,7,1.2628082447052003,0.0004994031923136569,1.2914740300178529,0.96,export\models_5m_recovery\cot_task_a_s45_recovery\training_log.json
5M recovery,CoT,task_a,45,8,1.131039150238037,0.0004976156768416848,1.2593073010444642,0.896,export\models_5m_recovery\cot_task_a_s45_recovery\training_log.json
5M recovery,CoT,task_a,45,9,1.032153482913971,0.0004946461621797825,1.2600401372909547,0.912,export\models_5m_recovery\cot_task_a_s45_recovery\training_log.json
5M recovery,CoT,task_a,45,10,0.953891125202179,0.0004905091155048882,1.2957673287391662,0.928,export\models_5m_recovery\cot_task_a_s45_recovery\training_log.json
5M recovery,CoT,task_a,45,11,0.8717933020591736,0.0004852246920925475,1.2019524846076965,0.808,export\models_5m_recovery\cot_task_a_s45_recovery\training_log.json
5M recovery,CoT,task_a,45,12,0.8201479964256286,0.00047881863712243716,1.1628090529441832,0.736,export\models_5m_recovery\cot_task_a_s45_recovery\training_log.json
5M recovery,CoT,task_a,45,13,0.7777613101005554,0.0004713221602504371,1.1038301944732667,0.584,export\models_5m_recovery\cot_task_a_s45_recovery\training_log.json
5M recovery,CoT,task_a,45,14,0.7534387264251708,0.00046277178355832435,1.0679915256500243,0.528,export\models_5m_recovery\cot_task_a_s45_recovery\training_log.json
5M recovery,CoT,task_a,45,15,0.7336810855865479,0.00045320916362186214,1.0432546272277832,0.472,export\models_5m_recovery\cot_task_a_s45_recovery\training_log.json
5M recovery,CoT,task_a,45,16,0.7174387998580932,0.0004426808885641496,0.9720861310958863,0.368,export\models_5m_recovery\cot_task_a_s45_recovery\training_log.json
5M recovery,CoT,task_a,45,17,0.7085364742279052,0.00043123825108296954,0.9687128028869629,0.376,export\models_5m_recovery\cot_task_a_s45_recovery\training_log.json
5M recovery,CoT,task_a,45,18,0.7002420573234558,0.0004189369985579203,0.9642011594772338,0.36,export\models_5m_recovery\cot_task_a_s45_recovery\training_log.json
5M recovery,CoT,task_a,45,19,0.6911024808883667,0.0004058370614547863,0.8985499458312989,0.288,export\models_5m_recovery\cot_task_a_s45_recovery\training_log.json
5M recovery,CoT,task_a,45,20,0.6842780561447144,0.00039200226135033294,0.8571216719150543,0.2,export\models_5m_recovery\cot_task_a_s45_recovery\training_log.json
5M recovery,CoT,task_a,45,21,0.6843497848510742,0.0003775,0.8600279488563538,0.192,export\models_5m_recovery\cot_task_a_s45_recovery\training_log.json
5M recovery,CoT,task_a,45,22,0.6714898486137391,0.000362400930963324,0.7629141821861267,0.104,export\models_5m_recovery\cot_task_a_s45_recovery\training_log.json
5M recovery,CoT,task_a,45,23,0.6703019895553589,0.00034677861538689845,0.7917609286308288,0.192,export\models_5m_recovery\cot_task_a_s45_recovery\training_log.json
5M recovery,CoT,task_a,45,24,0.6715393786430359,0.00033070916362186215,0.7593024895191193,0.112,export\models_5m_recovery\cot_task_a_s45_recovery\training_log.json
5M recovery,CoT,task_a,45,25,0.6619331030845642,0.00031427086442191855,0.6900274624824524,0.088,export\models_5m_recovery\cot_task_a_s45_recovery\training_log.json
5M recovery,CoT,task_a,45,26,0.6578442759513855,0.000297543803528398,0.6572801947593689,0.04,export\models_5m_recovery\cot_task_a_s45_recovery\training_log.json
5M recovery,CoT,task_a,45,27,0.6584152798652649,0.00028060947350057514,0.7336410398483276,0.152,export\models_5m_recovery\cot_task_a_s45_recovery\training_log.json
5M recovery,CoT,task_a,45,28,0.6564936203956604,0.0002635503766921128,0.7236888170242309,0.144,export\models_5m_recovery\cot_task_a_s45_recovery\training_log.json
5M recovery,CoT,task_a,45,29,0.650994270324707,0.00024644962330788733,0.5992739753723144,0.016,export\models_5m_recovery\cot_task_a_s45_recovery\training_log.json
5M recovery,CoT,task_a,45,30,0.6495491018295289,0.00022939052649942497,0.623210241317749,0.024,export\models_5m_recovery\cot_task_a_s45_recovery\training_log.json
5M recovery,CoT,task_a,45,31,0.6471506161689758,0.0002124561964716021,0.5393377571105957,0.0,export\models_5m_recovery\cot_task_a_s45_recovery\training_log.json
5M recovery,CoT,task_a,45,32,0.6418400578498841,0.00019572913557808146,0.5589496948719025,0.008,export\models_5m_recovery\cot_task_a_s45_recovery\training_log.json
5M recovery,CoT,task_a,45,33,0.6442750616073608,0.00017929083637813792,0.5623767330646515,0.008,export\models_5m_recovery\cot_task_a_s45_recovery\training_log.json
5M recovery,CoT,task_a,45,34,0.6406624326705933,0.00016322138461310155,0.5486348738670349,0.008,export\models_5m_recovery\cot_task_a_s45_recovery\training_log.json
5M recovery,CoT,task_a,45,35,0.6377414817810059,0.00014759906903667603,0.5493117098808289,0.008,export\models_5m_recovery\cot_task_a_s45_recovery\training_log.json
5M recovery,CoT,task_a,45,36,0.6344703922271728,0.00013250000000000008,0.5586669652462005,0.0,export\models_5m_recovery\cot_task_a_s45_recovery\training_log.json
5M recovery,CoT,task_a,45,37,0.6328110785484314,0.00011799773864966707,0.539360013961792,0.0,export\models_5m_recovery\cot_task_a_s45_recovery\training_log.json
5M recovery,CoT,task_a,45,38,0.6290724883079529,0.00010416293854521372,0.5253577218055725,0.0,export\models_5m_recovery\cot_task_a_s45_recovery\training_log.json
5M recovery,CoT,task_a,45,39,0.6284181799888611,9.10630014420798e-05,0.528876291513443,0.0,export\models_5m_recovery\cot_task_a_s45_recovery\training_log.json
5M recovery,CoT,task_a,45,40,0.6241825394630433,7.87617489170305e-05,0.521040099143982,0.0,export\models_5m_recovery\cot_task_a_s45_recovery\training_log.json
5M recovery,CoT,task_a,45,41,0.6236028037071228,6.731911143585041e-05,0.5219270184040069,0.0,export\models_5m_recovery\cot_task_a_s45_recovery\training_log.json
5M recovery,CoT,task_a,45,42,0.6211731753349304,5.67908363781379e-05,0.5287560076713562,0.0,export\models_5m_recovery\cot_task_a_s45_recovery\training_log.json
5M recovery,CoT,task_a,45,43,0.6184591631889343,4.722821644167565e-05,0.5168432195186615,0.0,export\models_5m_recovery\cot_task_a_s45_recovery\training_log.json
5M recovery,CoT,task_a,45,44,0.619762011051178,3.867783974956289e-05,0.5145137338638306,0.0,export\models_5m_recovery\cot_task_a_s45_recovery\training_log.json
5M recovery,CoT,task_a,45,45,0.6152802805900573,3.118136287756276e-05,0.5254687221050263,0.0,export\models_5m_recovery\cot_task_a_s45_recovery\training_log.json
5M recovery,CoT,task_a,45,46,0.6147213149070739,2.4775307907452464e-05,0.5346617064476014,0.0,export\models_5m_recovery\cot_task_a_s45_recovery\training_log.json
5M recovery,CoT,task_a,45,47,0.6139861335754394,1.9490884495111872e-05,0.53184143948555,0.0,export\models_5m_recovery\cot_task_a_s45_recovery\training_log.json
5M recovery,CoT,task_a,45,48,0.6121104617118835,1.5353837820217605e-05,0.5328745617866516,0.0,export\models_5m_recovery\cot_task_a_s45_recovery\training_log.json
5M recovery,CoT,task_a,45,49,0.6121945610046386,1.2384323158315261e-05,0.5355475273132324,0.0,export\models_5m_recovery\cot_task_a_s45_recovery\training_log.json
5M recovery,CoT,task_a,45,50,0.6107767844200134,1.0596807686343073e-05,0.5248700518608094,0.0,export\models_5m_recovery\cot_task_a_s45_recovery\training_log.json
5M recovery,CoT,task_a,46,1,1.962636257171631,0.0001,1.5134099669456482,0.976,export\models_5m_recovery\cot_task_a_s46_recovery\training_log.json
5M recovery,CoT,task_a,46,2,1.6459702663421631,0.0002,1.4011720337867737,0.904,export\models_5m_recovery\cot_task_a_s46_recovery\training_log.json
5M recovery,CoT,task_a,46,3,1.6177101955413817,0.0003,1.4297380137443543,0.928,export\models_5m_recovery\cot_task_a_s46_recovery\training_log.json
5M recovery,CoT,task_a,46,4,1.5933727788925172,0.0004,1.365103084087372,0.864,export\models_5m_recovery\cot_task_a_s46_recovery\training_log.json
5M recovery,CoT,task_a,46,5,1.5768938694000245,0.0005,1.3650625920295716,0.888,export\models_5m_recovery\cot_task_a_s46_recovery\training_log.json
5M recovery,CoT,task_a,46,6,1.536736804008484,0.0005,1.3011292376518249,0.808,export\models_5m_recovery\cot_task_a_s46_recovery\training_log.json
5M recovery,CoT,task_a,46,7,1.450534511566162,0.0004994031923136569,1.4740851340293883,0.96,export\models_5m_recovery\cot_task_a_s46_recovery\training_log.json
5M recovery,CoT,task_a,46,8,1.349750665664673,0.0004976156768416848,1.3362637176513672,0.912,export\models_5m_recovery\cot_task_a_s46_recovery\training_log.json
5M recovery,CoT,task_a,46,9,1.2488364772796632,0.0004946461621797825,1.3717794523239135,0.952,export\models_5m_recovery\cot_task_a_s46_recovery\training_log.json
5M recovery,CoT,task_a,46,10,1.1522732667922975,0.0004905091155048882,1.2729283723831177,0.928,export\models_5m_recovery\cot_task_a_s46_recovery\training_log.json
5M recovery,CoT,task_a,46,11,1.0840010161399842,0.0004852246920925475,1.2068615765571595,0.856,export\models_5m_recovery\cot_task_a_s46_recovery\training_log.json
5M recovery,CoT,task_a,46,12,1.01514745759964,0.00047881863712243716,1.2489070334434509,0.928,export\models_5m_recovery\cot_task_a_s46_recovery\training_log.json
5M recovery,CoT,task_a,46,13,0.9498995885848999,0.0004713221602504371,1.217740608215332,0.864,export\models_5m_recovery\cot_task_a_s46_recovery\training_log.json
5M recovery,CoT,task_a,46,14,0.8955834841728211,0.00046277178355832435,1.153444519519806,0.76,export\models_5m_recovery\cot_task_a_s46_recovery\training_log.json
5M recovery,CoT,task_a,46,15,0.8387142481803894,0.00045320916362186214,1.0743497123718262,0.584,export\models_5m_recovery\cot_task_a_s46_recovery\training_log.json
5M recovery,CoT,task_a,46,16,0.8119430050849915,0.0004426808885641496,1.0898743257522583,0.584,export\models_5m_recovery\cot_task_a_s46_recovery\training_log.json
5M recovery,CoT,task_a,46,17,0.7737003240585327,0.00043123825108296954,1.0417304091453552,0.504,export\models_5m_recovery\cot_task_a_s46_recovery\training_log.json
5M recovery,CoT,task_a,46,18,0.7433417882919312,0.0004189369985579203,0.9949660592079163,0.392,export\models_5m_recovery\cot_task_a_s46_recovery\training_log.json
5M recovery,CoT,task_a,46,19,0.7117229642868041,0.0004058370614547863,0.9887929358482361,0.408,export\models_5m_recovery\cot_task_a_s46_recovery\training_log.json
5M recovery,CoT,task_a,46,20,0.6862420516014099,0.00039200226135033294,0.9165496110916138,0.272,export\models_5m_recovery\cot_task_a_s46_recovery\training_log.json
5M recovery,CoT,task_a,46,21,0.6799126963615417,0.0003775,0.8943562779426575,0.248,export\models_5m_recovery\cot_task_a_s46_recovery\training_log.json
5M recovery,CoT,task_a,46,22,0.6721413106918335,0.000362400930963324,0.8633336639404297,0.24,export\models_5m_recovery\cot_task_a_s46_recovery\training_log.json
5M recovery,CoT,task_a,46,23,0.6651905813217163,0.00034677861538689845,0.8179588994979858,0.176,export\models_5m_recovery\cot_task_a_s46_recovery\training_log.json
5M recovery,CoT,task_a,46,24,0.6542556157112122,0.00033070916362186215,0.7496488661766052,0.12,export\models_5m_recovery\cot_task_a_s46_recovery\training_log.json
5M recovery,CoT,task_a,46,25,0.6450291385650635,0.00031427086442191855,0.6372941143512726,0.024,export\models_5m_recovery\cot_task_a_s46_recovery\training_log.json
5M recovery,CoT,task_a,46,26,0.6437537202835083,0.000297543803528398,0.6760400943756103,0.072,export\models_5m_recovery\cot_task_a_s46_recovery\training_log.json
5M recovery,CoT,task_a,46,27,0.6435087170600892,0.00028060947350057514,0.6672082633972168,0.064,export\models_5m_recovery\cot_task_a_s46_recovery\training_log.json
5M recovery,CoT,task_a,46,28,0.6415829458236695,0.0002635503766921128,0.6707202851772308,0.072,export\models_5m_recovery\cot_task_a_s46_recovery\training_log.json
5M recovery,CoT,task_a,46,29,0.6365074410438537,0.00024644962330788733,0.5903394067287445,0.032,export\models_5m_recovery\cot_task_a_s46_recovery\training_log.json
5M recovery,CoT,task_a,46,30,0.6360665493011475,0.00022939052649942497,0.6009555728435516,0.032,export\models_5m_recovery\cot_task_a_s46_recovery\training_log.json
5M recovery,CoT,task_a,46,31,0.6332346978187561,0.0002124561964716021,0.5811520502567291,0.008,export\models_5m_recovery\cot_task_a_s46_recovery\training_log.json
5M recovery,CoT,task_a,46,32,0.6299612941741943,0.00019572913557808146,0.557514880657196,0.008,export\models_5m_recovery\cot_task_a_s46_recovery\training_log.json
5M recovery,CoT,task_a,46,33,0.629867591381073,0.00017929083637813792,0.5446787469387054,0.008,export\models_5m_recovery\cot_task_a_s46_recovery\training_log.json
5M recovery,CoT,task_a,46,34,0.6282411170005798,0.00016322138461310155,0.5831394565105438,0.024,export\models_5m_recovery\cot_task_a_s46_recovery\training_log.json
5M recovery,CoT,task_a,46,35,0.6259474296569825,0.00014759906903667603,0.5785348842144012,0.032,export\models_5m_recovery\cot_task_a_s46_recovery\training_log.json
5M recovery,CoT,task_a,46,36,0.6232068252563476,0.00013250000000000008,0.5357593472003936,0.016,export\models_5m_recovery\cot_task_a_s46_recovery\training_log.json
5M recovery,CoT,task_a,46,37,0.6238160319328309,0.00011799773864966707,0.5347389049530029,0.008,export\models_5m_recovery\cot_task_a_s46_recovery\training_log.json
5M recovery,CoT,task_a,46,38,0.6219570317268371,0.00010416293854521372,0.5154691941738129,0.0,export\models_5m_recovery\cot_task_a_s46_recovery\training_log.json
5M recovery,CoT,task_a,46,39,0.6200974159240723,9.10630014420798e-05,0.5100903074741363,0.0,export\models_5m_recovery\cot_task_a_s46_recovery\training_log.json
5M recovery,CoT,task_a,46,40,0.6184968619346619,7.87617489170305e-05,0.5130687737464905,0.0,export\models_5m_recovery\cot_task_a_s46_recovery\training_log.json
5M recovery,CoT,task_a,46,41,0.6179517459869385,6.731911143585041e-05,0.5171550860404969,0.008,export\models_5m_recovery\cot_task_a_s46_recovery\training_log.json
5M recovery,CoT,task_a,46,42,0.6171448693275452,5.67908363781379e-05,0.5120751485824585,0.0,export\models_5m_recovery\cot_task_a_s46_recovery\training_log.json
5M recovery,CoT,task_a,46,43,0.6148743052482605,4.722821644167565e-05,0.51348171043396,0.0,export\models_5m_recovery\cot_task_a_s46_recovery\training_log.json
5M recovery,CoT,task_a,46,44,0.6142238464355468,3.867783974956289e-05,0.5068669385910034,0.0,export\models_5m_recovery\cot_task_a_s46_recovery\training_log.json
5M recovery,CoT,task_a,46,45,0.6140691938400269,3.118136287756276e-05,0.5088293027877807,0.0,export\models_5m_recovery\cot_task_a_s46_recovery\training_log.json
5M recovery,CoT,task_a,46,46,0.6128064131736756,2.4775307907452464e-05,0.5054710004329681,0.0,export\models_5m_recovery\cot_task_a_s46_recovery\training_log.json
5M recovery,CoT,task_a,46,47,0.6115456929206848,1.9490884495111872e-05,0.49714918494224547,0.0,export\models_5m_recovery\cot_task_a_s46_recovery\training_log.json
5M recovery,CoT,task_a,46,48,0.612519474029541,1.5353837820217605e-05,0.5081770644187927,0.0,export\models_5m_recovery\cot_task_a_s46_recovery\training_log.json
5M recovery,CoT,task_a,46,49,0.6115252056121826,1.2384323158315261e-05,0.49363603138923645,0.0,export\models_5m_recovery\cot_task_a_s46_recovery\training_log.json
5M recovery,CoT,task_a,46,50,0.6105705971717834,1.0596807686343073e-05,0.48775334358215333,0.0,export\models_5m_recovery\cot_task_a_s46_recovery\training_log.json
5M recovery,CoT,task_b,42,1,2.0242040157318115,0.0001,1.0508694314956666,0.568,export\models_5m_recovery\cot_task_b_s42_recovery\training_log.json
5M recovery,CoT,task_b,42,2,1.8604734601974486,0.0002,1.183320104598999,0.8,export\models_5m_recovery\cot_task_b_s42_recovery\training_log.json
5M recovery,CoT,task_b,42,3,1.826600396156311,0.0003,1.2399789547920228,0.8,export\models_5m_recovery\cot_task_b_s42_recovery\training_log.json
5M recovery,CoT,task_b,42,4,1.7889182052612305,0.0004,1.182797348022461,0.848,export\models_5m_recovery\cot_task_b_s42_recovery\training_log.json
5M recovery,CoT,task_b,42,5,1.7725020065307617,0.0005,1.1947624278068543,0.872,export\models_5m_recovery\cot_task_b_s42_recovery\training_log.json
5M recovery,CoT,task_b,42,6,1.754537805557251,0.0005,1.083481550693512,0.672,export\models_5m_recovery\cot_task_b_s42_recovery\training_log.json
5M recovery,CoT,task_b,42,7,1.7396932144165038,0.0004994031923136569,1.108355016708374,0.672,export\models_5m_recovery\cot_task_b_s42_recovery\training_log.json
5M recovery,CoT,task_b,42,8,1.733081519126892,0.0004976156768416848,1.0067415676116944,0.44,export\models_5m_recovery\cot_task_b_s42_recovery\training_log.json
5M recovery,CoT,task_b,42,9,1.7201043186187743,0.0004946461621797825,1.011804720401764,0.488,export\models_5m_recovery\cot_task_b_s42_recovery\training_log.json
5M recovery,CoT,task_b,42,10,1.706565161705017,0.0004905091155048882,0.9542384233474731,0.336,export\models_5m_recovery\cot_task_b_s42_recovery\training_log.json
5M recovery,CoT,task_b,42,11,1.6897814102172852,0.0004852246920925475,0.9463863711357117,0.304,export\models_5m_recovery\cot_task_b_s42_recovery\training_log.json
5M recovery,CoT,task_b,42,12,1.6657522430419922,0.00047881863712243716,0.9971709690093994,0.432,export\models_5m_recovery\cot_task_b_s42_recovery\training_log.json
5M recovery,CoT,task_b,42,13,1.6324489727020264,0.0004713221602504371,0.9634030685424805,0.376,export\models_5m_recovery\cot_task_b_s42_recovery\training_log.json
5M recovery,CoT,task_b,42,14,1.605762851715088,0.00046277178355832435,0.9809731516838074,0.384,export\models_5m_recovery\cot_task_b_s42_recovery\training_log.json
5M recovery,CoT,task_b,42,15,1.577596697807312,0.00045320916362186214,0.9919923372268676,0.464,export\models_5m_recovery\cot_task_b_s42_recovery\training_log.json
5M recovery,CoT,task_b,42,16,1.5560455570220948,0.0004426808885641496,1.0259451937675477,0.48,export\models_5m_recovery\cot_task_b_s42_recovery\training_log.json
5M recovery,CoT,task_b,42,17,1.5309261569976806,0.00043123825108296954,1.0633512687683107,0.552,export\models_5m_recovery\cot_task_b_s42_recovery\training_log.json
5M recovery,CoT,task_b,42,18,1.5051372270584107,0.0004189369985579203,1.1598996195793152,0.648,export\models_5m_recovery\cot_task_b_s42_recovery\training_log.json
5M recovery,CoT,task_b,42,19,1.457441662788391,0.0004058370614547863,1.3237975244522096,0.824,export\models_5m_recovery\cot_task_b_s42_recovery\training_log.json
5M recovery,CoT,task_b,42,20,1.4016950159072876,0.00039200226135033294,1.558891415119171,0.984,export\models_5m_recovery\cot_task_b_s42_recovery\training_log.json
5M recovery,CoT,task_b,42,21,1.3614104108810425,0.0003775,1.6823060793876647,0.984,export\models_5m_recovery\cot_task_b_s42_recovery\training_log.json
5M recovery,CoT,task_b,42,22,1.3274705934524536,0.000362400930963324,1.827613579750061,1.0,export\models_5m_recovery\cot_task_b_s42_recovery\training_log.json
5M recovery,CoT,task_b,42,23,1.2932658224105835,0.00034677861538689845,1.9414652585983276,1.0,export\models_5m_recovery\cot_task_b_s42_recovery\training_log.json
5M recovery,CoT,task_b,42,24,1.2788493719100953,0.00033070916362186215,2.181789882659912,1.0,export\models_5m_recovery\cot_task_b_s42_recovery\training_log.json
5M recovery,CoT,task_b,42,25,1.2598508682250977,0.00031427086442191855,2.5841014623641967,1.0,export\models_5m_recovery\cot_task_b_s42_recovery\training_log.json
5M recovery,CoT,task_b,42,26,1.2420066709518434,0.000297543803528398,2.280508526802063,1.0,export\models_5m_recovery\cot_task_b_s42_recovery\training_log.json
5M recovery,CoT,task_b,42,27,1.232565800666809,0.00028060947350057514,2.6269776821136475,1.0,export\models_5m_recovery\cot_task_b_s42_recovery\training_log.json
5M recovery,CoT,task_b,42,28,1.20841597366333,0.0002635503766921128,2.1225720529556273,1.0,export\models_5m_recovery\cot_task_b_s42_recovery\training_log.json
5M recovery,CoT,task_b,42,29,1.2008781576156615,0.00024644962330788733,2.357617964744568,1.0,export\models_5m_recovery\cot_task_b_s42_recovery\training_log.json
5M recovery,CoT,task_b,42,30,1.193091157913208,0.00022939052649942497,2.5495907192230223,1.0,export\models_5m_recovery\cot_task_b_s42_recovery\training_log.json
5M recovery,CoT,task_b,42,31,1.1811933050155639,0.0002124561964716021,2.4804245858192444,0.992,export\models_5m_recovery\cot_task_b_s42_recovery\training_log.json
5M recovery,CoT,task_b,42,32,1.1693185186386108,0.00019572913557808146,2.151421362400055,0.992,export\models_5m_recovery\cot_task_b_s42_recovery\training_log.json
5M recovery,CoT,task_b,42,33,1.1658196487426757,0.00017929083637813792,2.2704775471687317,0.992,export\models_5m_recovery\cot_task_b_s42_recovery\training_log.json
5M recovery,CoT,task_b,42,34,1.1560932521820069,0.00016322138461310155,2.2075261726379396,1.0,export\models_5m_recovery\cot_task_b_s42_recovery\training_log.json
5M recovery,CoT,task_b,42,35,1.1461966934204102,0.00014759906903667603,1.996641408443451,0.992,export\models_5m_recovery\cot_task_b_s42_recovery\training_log.json
5M recovery,CoT,task_b,42,36,1.1442873754501344,0.00013250000000000008,2.0124808015823366,0.984,export\models_5m_recovery\cot_task_b_s42_recovery\training_log.json
5M recovery,CoT,task_b,42,37,1.1393202648162841,0.00011799773864966707,2.2744552578926087,0.968,export\models_5m_recovery\cot_task_b_s42_recovery\training_log.json
5M recovery,CoT,task_b,42,38,1.1325134286880494,0.00010416293854521372,2.174860224723816,0.992,export\models_5m_recovery\cot_task_b_s42_recovery\training_log.json
5M recovery,CoT,task_b,42,39,1.1276545438766479,9.10630014420798e-05,1.8269959683418273,0.984,export\models_5m_recovery\cot_task_b_s42_recovery\training_log.json
5M recovery,CoT,task_b,42,40,1.123421676635742,7.87617489170305e-05,1.7972478432655334,0.96,export\models_5m_recovery\cot_task_b_s42_recovery\training_log.json
5M recovery,CoT,task_b,42,41,1.1183130159378052,6.731911143585041e-05,1.6134070701599121,0.896,export\models_5m_recovery\cot_task_b_s42_recovery\training_log.json
5M recovery,CoT,task_b,42,42,1.1157714138031005,5.67908363781379e-05,1.8372281732559204,0.912,export\models_5m_recovery\cot_task_b_s42_recovery\training_log.json
5M recovery,CoT,task_b,42,43,1.1100762491226197,4.722821644167565e-05,1.6187572813034057,0.848,export\models_5m_recovery\cot_task_b_s42_recovery\training_log.json
5M recovery,CoT,task_b,42,44,1.1089996948242187,3.867783974956289e-05,1.5611630835533141,0.912,export\models_5m_recovery\cot_task_b_s42_recovery\training_log.json
5M recovery,CoT,task_b,42,45,1.1078402166366577,3.118136287756276e-05,1.49753555393219,0.824,export\models_5m_recovery\cot_task_b_s42_recovery\training_log.json
5M recovery,CoT,task_b,42,46,1.107203610420227,2.4775307907452464e-05,1.4271599559783936,0.816,export\models_5m_recovery\cot_task_b_s42_recovery\training_log.json
5M recovery,CoT,task_b,42,47,1.1038498449325562,1.9490884495111872e-05,1.3585261740684509,0.76,export\models_5m_recovery\cot_task_b_s42_recovery\training_log.json
5M recovery,CoT,task_b,42,48,1.1035889835357666,1.5353837820217605e-05,1.3212762346267701,0.792,export\models_5m_recovery\cot_task_b_s42_recovery\training_log.json
5M recovery,CoT,task_b,42,49,1.1014728679656982,1.2384323158315261e-05,1.253539393901825,0.736,export\models_5m_recovery\cot_task_b_s42_recovery\training_log.json
5M recovery,CoT,task_b,42,50,1.1006157569885253,1.0596807686343073e-05,1.2406291418075561,0.712,export\models_5m_recovery\cot_task_b_s42_recovery\training_log.json
5M recovery,CoT,task_b,43,1,2.0324938287734984,0.0001,1.0737196407318115,0.488,export\models_5m_recovery\cot_task_b_s43_recovery\training_log.json
5M recovery,CoT,task_b,43,2,1.8664925537109376,0.0002,1.1499846487045289,0.704,export\models_5m_recovery\cot_task_b_s43_recovery\training_log.json
5M recovery,CoT,task_b,43,3,1.8145047912597656,0.0003,1.2489217839241027,0.92,export\models_5m_recovery\cot_task_b_s43_recovery\training_log.json
5M recovery,CoT,task_b,43,4,1.782475417137146,0.0004,1.241965431213379,0.928,export\models_5m_recovery\cot_task_b_s43_recovery\training_log.json
5M recovery,CoT,task_b,43,5,1.7674586400985717,0.0005,1.275996190547943,0.896,export\models_5m_recovery\cot_task_b_s43_recovery\training_log.json
5M recovery,CoT,task_b,43,6,1.7504366607666015,0.0005,1.141704068183899,0.752,export\models_5m_recovery\cot_task_b_s43_recovery\training_log.json
5M recovery,CoT,task_b,43,7,1.736440933227539,0.0004994031923136569,1.0621232042312623,0.648,export\models_5m_recovery\cot_task_b_s43_recovery\training_log.json
5M recovery,CoT,task_b,43,8,1.724007773399353,0.0004976156768416848,1.0684772663116455,0.632,export\models_5m_recovery\cot_task_b_s43_recovery\training_log.json
5M recovery,CoT,task_b,43,9,1.7124084548950196,0.0004946461621797825,1.0209063725471497,0.544,export\models_5m_recovery\cot_task_b_s43_recovery\training_log.json
5M recovery,CoT,task_b,43,10,1.6934342966079712,0.0004905091155048882,0.9803866286277771,0.432,export\models_5m_recovery\cot_task_b_s43_recovery\training_log.json
5M recovery,CoT,task_b,43,11,1.6725310678482055,0.0004852246920925475,0.9673300528526306,0.432,export\models_5m_recovery\cot_task_b_s43_recovery\training_log.json
5M recovery,CoT,task_b,43,12,1.651964033126831,0.00047881863712243716,0.9947484893798828,0.456,export\models_5m_recovery\cot_task_b_s43_recovery\training_log.json
5M recovery,CoT,task_b,43,13,1.6177998065948487,0.0004713221602504371,1.0039920091629029,0.464,export\models_5m_recovery\cot_task_b_s43_recovery\training_log.json
5M recovery,CoT,task_b,43,14,1.583728087425232,0.00046277178355832435,1.0487965025901795,0.592,export\models_5m_recovery\cot_task_b_s43_recovery\training_log.json
5M recovery,CoT,task_b,43,15,1.5517807989120482,0.00045320916362186214,1.0469975900650024,0.44,export\models_5m_recovery\cot_task_b_s43_recovery\training_log.json
5M recovery,CoT,task_b,43,16,1.5068708171844483,0.0004426808885641496,1.2028142228126526,0.752,export\models_5m_recovery\cot_task_b_s43_recovery\training_log.json
5M recovery,CoT,task_b,43,17,1.4553309497833251,0.00043123825108296954,1.3782782249450685,0.896,export\models_5m_recovery\cot_task_b_s43_recovery\training_log.json
5M recovery,CoT,task_b,43,18,1.4064523572921752,0.0004189369985579203,1.6337660751342773,0.96,export\models_5m_recovery\cot_task_b_s43_recovery\training_log.json
5M recovery,CoT,task_b,43,19,1.3648596363067627,0.0004058370614547863,1.4879572873115539,0.976,export\models_5m_recovery\cot_task_b_s43_recovery\training_log.json
5M recovery,CoT,task_b,43,20,1.329595594406128,0.00039200226135033294,1.6908966379165649,0.968,export\models_5m_recovery\cot_task_b_s43_recovery\training_log.json
5M recovery,CoT,task_b,43,21,1.2896673746109009,0.0003775,1.7826628980636596,0.992,export\models_5m_recovery\cot_task_b_s43_recovery\training_log.json
5M recovery,CoT,task_b,43,22,1.274570502281189,0.000362400930963324,1.8281295089721679,0.984,export\models_5m_recovery\cot_task_b_s43_recovery\training_log.json
5M recovery,CoT,task_b,43,23,1.2484430246353149,0.00034677861538689845,2.029306288719177,1.0,export\models_5m_recovery\cot_task_b_s43_recovery\training_log.json
5M recovery,CoT,task_b,43,24,1.2306652488708496,0.00033070916362186215,2.0604738478660583,0.984,export\models_5m_recovery\cot_task_b_s43_recovery\training_log.json
5M recovery,CoT,task_b,43,25,1.214620701789856,0.00031427086442191855,1.87958695602417,1.0,export\models_5m_recovery\cot_task_b_s43_recovery\training_log.json
5M recovery,CoT,task_b,43,26,1.2010435791015626,0.000297543803528398,1.8128037824630738,0.992,export\models_5m_recovery\cot_task_b_s43_recovery\training_log.json
5M recovery,CoT,task_b,43,27,1.190523874282837,0.00028060947350057514,1.8838817806243897,1.0,export\models_5m_recovery\cot_task_b_s43_recovery\training_log.json
5M recovery,CoT,task_b,43,28,1.1824882221221924,0.0002635503766921128,2.0918025760650636,0.984,export\models_5m_recovery\cot_task_b_s43_recovery\training_log.json
5M recovery,CoT,task_b,43,29,1.1688052225112915,0.00024644962330788733,1.834444480895996,0.96,export\models_5m_recovery\cot_task_b_s43_recovery\training_log.json
5M recovery,CoT,task_b,43,30,1.1599628219604492,0.00022939052649942497,1.8481887464523314,0.976,export\models_5m_recovery\cot_task_b_s43_recovery\training_log.json
5M recovery,CoT,task_b,43,31,1.151689356803894,0.0002124561964716021,1.8570327801704407,0.968,export\models_5m_recovery\cot_task_b_s43_recovery\training_log.json
5M recovery,CoT,task_b,43,32,1.1468390150070191,0.00019572913557808146,1.9275496311187743,0.936,export\models_5m_recovery\cot_task_b_s43_recovery\training_log.json
5M recovery,CoT,task_b,43,33,1.1419277305603028,0.00017929083637813792,1.9021735858917237,0.936,export\models_5m_recovery\cot_task_b_s43_recovery\training_log.json
5M recovery,CoT,task_b,43,34,1.135689103126526,0.00016322138461310155,1.6091232261657715,0.944,export\models_5m_recovery\cot_task_b_s43_recovery\training_log.json
5M recovery,CoT,task_b,43,35,1.130832130432129,0.00014759906903667603,1.5936034832000732,0.904,export\models_5m_recovery\cot_task_b_s43_recovery\training_log.json
5M recovery,CoT,task_b,43,36,1.1286373739242554,0.00013250000000000008,1.5326743927001953,0.88,export\models_5m_recovery\cot_task_b_s43_recovery\training_log.json
5M recovery,CoT,task_b,43,37,1.120714834213257,0.00011799773864966707,1.5406666722297668,0.848,export\models_5m_recovery\cot_task_b_s43_recovery\training_log.json
5M recovery,CoT,task_b,43,38,1.1173628129959106,0.00010416293854521372,1.4340762028694152,0.808,export\models_5m_recovery\cot_task_b_s43_recovery\training_log.json
5M recovery,CoT,task_b,43,39,1.1133289365768433,9.10630014420798e-05,1.3966001319885253,0.784,export\models_5m_recovery\cot_task_b_s43_recovery\training_log.json
5M recovery,CoT,task_b,43,40,1.1116134061813354,7.87617489170305e-05,1.430119162082672,0.752,export\models_5m_recovery\cot_task_b_s43_recovery\training_log.json
5M recovery,CoT,task_b,43,41,1.1090058717727662,6.731911143585041e-05,1.3174238600730896,0.72,export\models_5m_recovery\cot_task_b_s43_recovery\training_log.json
5M recovery,CoT,task_b,43,42,1.1052246990203858,5.67908363781379e-05,1.2390841312408447,0.688,export\models_5m_recovery\cot_task_b_s43_recovery\training_log.json
5M recovery,CoT,task_b,43,43,1.103779585838318,4.722821644167565e-05,1.216091824531555,0.664,export\models_5m_recovery\cot_task_b_s43_recovery\training_log.json
5M recovery,CoT,task_b,43,44,1.1004659328460693,3.867783974956289e-05,1.1317829580307006,0.584,export\models_5m_recovery\cot_task_b_s43_recovery\training_log.json
5M recovery,CoT,task_b,43,45,1.1015932216644286,3.118136287756276e-05,1.1251015453338622,0.6,export\models_5m_recovery\cot_task_b_s43_recovery\training_log.json
5M recovery,CoT,task_b,43,46,1.0993823747634888,2.4775307907452464e-05,1.0658776617050172,0.536,export\models_5m_recovery\cot_task_b_s43_recovery\training_log.json
5M recovery,CoT,task_b,43,47,1.099148530960083,1.9490884495111872e-05,1.1286799418926239,0.592,export\models_5m_recovery\cot_task_b_s43_recovery\training_log.json
5M recovery,CoT,task_b,43,48,1.095581033706665,1.5353837820217605e-05,1.0408587589263916,0.448,export\models_5m_recovery\cot_task_b_s43_recovery\training_log.json
5M recovery,CoT,task_b,43,49,1.0951505289077759,1.2384323158315261e-05,1.02002499127388,0.472,export\models_5m_recovery\cot_task_b_s43_recovery\training_log.json
5M recovery,CoT,task_b,43,50,1.0956305818557739,1.0596807686343073e-05,1.0236788442134857,0.464,export\models_5m_recovery\cot_task_b_s43_recovery\training_log.json
5M recovery,CoT,task_b,44,1,2.0323929738998414,0.0001,1.067693262577057,0.568,export\models_5m_recovery\cot_task_b_s44_recovery\training_log.json
5M recovery,CoT,task_b,44,2,1.8655925769805908,0.0002,1.2458402495384215,0.856,export\models_5m_recovery\cot_task_b_s44_recovery\training_log.json
5M recovery,CoT,task_b,44,3,1.812502700805664,0.0003,1.2561773443222046,0.912,export\models_5m_recovery\cot_task_b_s44_recovery\training_log.json
5M recovery,CoT,task_b,44,4,1.7835989208221437,0.0004,1.1928119025230408,0.872,export\models_5m_recovery\cot_task_b_s44_recovery\training_log.json
5M recovery,CoT,task_b,44,5,1.7670698747634888,0.0005,1.1452905778884888,0.744,export\models_5m_recovery\cot_task_b_s44_recovery\training_log.json
5M recovery,CoT,task_b,44,6,1.7495191411972046,0.0005,1.087070957183838,0.672,export\models_5m_recovery\cot_task_b_s44_recovery\training_log.json
5M recovery,CoT,task_b,44,7,1.7325195255279542,0.0004994031923136569,0.9774529824256897,0.408,export\models_5m_recovery\cot_task_b_s44_recovery\training_log.json
5M recovery,CoT,task_b,44,8,1.7241154289245606,0.0004976156768416848,0.9584137635231018,0.336,export\models_5m_recovery\cot_task_b_s44_recovery\training_log.json
5M recovery,CoT,task_b,44,9,1.70915944480896,0.0004946461621797825,0.9650585842132569,0.352,export\models_5m_recovery\cot_task_b_s44_recovery\training_log.json
5M recovery,CoT,task_b,44,10,1.6873776226043702,0.0004905091155048882,0.9196736788749695,0.248,export\models_5m_recovery\cot_task_b_s44_recovery\training_log.json
5M recovery,CoT,task_b,44,11,1.6623950023651124,0.0004852246920925475,0.9199283118247986,0.248,export\models_5m_recovery\cot_task_b_s44_recovery\training_log.json
5M recovery,CoT,task_b,44,12,1.6366150407791138,0.00047881863712243716,0.9801722736358642,0.432,export\models_5m_recovery\cot_task_b_s44_recovery\training_log.json
5M recovery,CoT,task_b,44,13,1.608614206314087,0.0004713221602504371,0.9671527533531189,0.4,export\models_5m_recovery\cot_task_b_s44_recovery\training_log.json
5M recovery,CoT,task_b,44,14,1.5762857637405396,0.00046277178355832435,0.9763141579627991,0.36,export\models_5m_recovery\cot_task_b_s44_recovery\training_log.json
5M recovery,CoT,task_b,44,15,1.5352522163391114,0.00045320916362186214,1.095895559310913,0.608,export\models_5m_recovery\cot_task_b_s44_recovery\training_log.json
5M recovery,CoT,task_b,44,16,1.499186520576477,0.0004426808885641496,1.190465281009674,0.76,export\models_5m_recovery\cot_task_b_s44_recovery\training_log.json
5M recovery,CoT,task_b,44,17,1.4392047719955445,0.00043123825108296954,1.3799876341819763,0.88,export\models_5m_recovery\cot_task_b_s44_recovery\training_log.json
5M recovery,CoT,task_b,44,18,1.3858255081176758,0.0004189369985579203,1.5423880515098571,0.984,export\models_5m_recovery\cot_task_b_s44_recovery\training_log.json
5M recovery,CoT,task_b,44,19,1.3484644174575806,0.0004058370614547863,1.598004247188568,0.984,export\models_5m_recovery\cot_task_b_s44_recovery\training_log.json
5M recovery,CoT,task_b,44,20,1.3155431346893312,0.00039200226135033294,1.698814299106598,0.96,export\models_5m_recovery\cot_task_b_s44_recovery\training_log.json
5M recovery,CoT,task_b,44,21,1.2926988039016725,0.0003775,1.7086847710609436,0.976,export\models_5m_recovery\cot_task_b_s44_recovery\training_log.json
5M recovery,CoT,task_b,44,22,1.2672724800109862,0.000362400930963324,1.8458539953231812,1.0,export\models_5m_recovery\cot_task_b_s44_recovery\training_log.json
5M recovery,CoT,task_b,44,23,1.248904501914978,0.00034677861538689845,1.9997570457458496,0.992,export\models_5m_recovery\cot_task_b_s44_recovery\training_log.json
5M recovery,CoT,task_b,44,24,1.2385907497406006,0.00033070916362186215,1.9451323742866515,0.976,export\models_5m_recovery\cot_task_b_s44_recovery\training_log.json
5M recovery,CoT,task_b,44,25,1.2205155925750732,0.00031427086442191855,1.7327227902412414,0.976,export\models_5m_recovery\cot_task_b_s44_recovery\training_log.json
5M recovery,CoT,task_b,44,26,1.2103162717819214,0.000297543803528398,1.8666344480514527,0.992,export\models_5m_recovery\cot_task_b_s44_recovery\training_log.json
5M recovery,CoT,task_b,44,27,1.2013205623626708,0.00028060947350057514,1.8878059854507447,0.992,export\models_5m_recovery\cot_task_b_s44_recovery\training_log.json
5M recovery,CoT,task_b,44,28,1.1940018730163575,0.0002635503766921128,2.079909357070923,0.952,export\models_5m_recovery\cot_task_b_s44_recovery\training_log.json
5M recovery,CoT,task_b,44,29,1.1831092977523803,0.00024644962330788733,1.8506921706199646,0.976,export\models_5m_recovery\cot_task_b_s44_recovery\training_log.json
5M recovery,CoT,task_b,44,30,1.1785978994369506,0.00022939052649942497,1.8388918166160584,0.968,export\models_5m_recovery\cot_task_b_s44_recovery\training_log.json
5M recovery,CoT,task_b,44,31,1.1715474243164063,0.0002124561964716021,1.9696853737831115,0.976,export\models_5m_recovery\cot_task_b_s44_recovery\training_log.json
5M recovery,CoT,task_b,44,32,1.1585494966506957,0.00019572913557808146,1.5916018176078797,0.936,export\models_5m_recovery\cot_task_b_s44_recovery\training_log.json
5M recovery,CoT,task_b,44,33,1.1552667951583862,0.00017929083637813792,1.7825739016532898,0.976,export\models_5m_recovery\cot_task_b_s44_recovery\training_log.json
5M recovery,CoT,task_b,44,34,1.1503341569900514,0.00016322138461310155,1.6027756786346437,0.952,export\models_5m_recovery\cot_task_b_s44_recovery\training_log.json
5M recovery,CoT,task_b,44,35,1.144654175758362,0.00014759906903667603,1.6528506317138671,0.928,export\models_5m_recovery\cot_task_b_s44_recovery\training_log.json
5M recovery,CoT,task_b,44,36,1.141559253692627,0.00013250000000000008,1.6647814030647279,0.912,export\models_5m_recovery\cot_task_b_s44_recovery\training_log.json
5M recovery,CoT,task_b,44,37,1.1367464914321899,0.00011799773864966707,1.4760956664085387,0.904,export\models_5m_recovery\cot_task_b_s44_recovery\training_log.json
5M recovery,CoT,task_b,44,38,1.1312618579864502,0.00010416293854521372,1.434277386188507,0.888,export\models_5m_recovery\cot_task_b_s44_recovery\training_log.json
5M recovery,CoT,task_b,44,39,1.1278811664581299,9.10630014420798e-05,1.3869510102272034,0.824,export\models_5m_recovery\cot_task_b_s44_recovery\training_log.json
5M recovery,CoT,task_b,44,40,1.1222823295593263,7.87617489170305e-05,1.3442411508560181,0.792,export\models_5m_recovery\cot_task_b_s44_recovery\training_log.json
5M recovery,CoT,task_b,44,41,1.1229982795715332,6.731911143585041e-05,1.3260349597930907,0.864,export\models_5m_recovery\cot_task_b_s44_recovery\training_log.json
5M recovery,CoT,task_b,44,42,1.1172775888442994,5.67908363781379e-05,1.257705596446991,0.752,export\models_5m_recovery\cot_task_b_s44_recovery\training_log.json
5M recovery,CoT,task_b,44,43,1.1170965251922607,4.722821644167565e-05,1.3305422825813293,0.824,export\models_5m_recovery\cot_task_b_s44_recovery\training_log.json
5M recovery,CoT,task_b,44,44,1.1138759813308716,3.867783974956289e-05,1.1887479453086853,0.648,export\models_5m_recovery\cot_task_b_s44_recovery\training_log.json
5M recovery,CoT,task_b,44,45,1.1123254957199096,3.118136287756276e-05,1.2201700983047485,0.712,export\models_5m_recovery\cot_task_b_s44_recovery\training_log.json
5M recovery,CoT,task_b,44,46,1.1087187757492065,2.4775307907452464e-05,1.089989628314972,0.552,export\models_5m_recovery\cot_task_b_s44_recovery\training_log.json
5M recovery,CoT,task_b,44,47,1.107558292388916,1.9490884495111872e-05,1.0845893263816833,0.64,export\models_5m_recovery\cot_task_b_s44_recovery\training_log.json
5M recovery,CoT,task_b,44,48,1.1084372482299805,1.5353837820217605e-05,1.1328674373626708,0.632,export\models_5m_recovery\cot_task_b_s44_recovery\training_log.json
5M recovery,CoT,task_b,44,49,1.1077177925109862,1.2384323158315261e-05,1.1018148493766784,0.576,export\models_5m_recovery\cot_task_b_s44_recovery\training_log.json
5M recovery,CoT,task_b,44,50,1.106100368499756,1.0596807686343073e-05,1.0638308057785033,0.48,export\models_5m_recovery\cot_task_b_s44_recovery\training_log.json
5M recovery,CoT,task_b,45,1,2.0241597537994385,0.0001,1.0939227414131165,0.608,export\models_5m_recovery\cot_task_b_s45_recovery\training_log.json
5M recovery,CoT,task_b,45,2,1.857695279121399,0.0002,1.2180242466926574,0.856,export\models_5m_recovery\cot_task_b_s45_recovery\training_log.json
5M recovery,CoT,task_b,45,3,1.813117449760437,0.0003,1.2079477415084838,0.848,export\models_5m_recovery\cot_task_b_s45_recovery\training_log.json
5M recovery,CoT,task_b,45,4,1.777703643798828,0.0004,1.2087164154052734,0.856,export\models_5m_recovery\cot_task_b_s45_recovery\training_log.json
5M recovery,CoT,task_b,45,5,1.7671302871704102,0.0005,1.1803786673545837,0.84,export\models_5m_recovery\cot_task_b_s45_recovery\training_log.json
5M recovery,CoT,task_b,45,6,1.7452593622207642,0.0005,1.0449380040168763,0.576,export\models_5m_recovery\cot_task_b_s45_recovery\training_log.json
5M recovery,CoT,task_b,45,7,1.7392636404037476,0.0004994031923136569,1.0662803721427918,0.608,export\models_5m_recovery\cot_task_b_s45_recovery\training_log.json
5M recovery,CoT,task_b,45,8,1.7296863536834717,0.0004976156768416848,1.0174680252075194,0.504,export\models_5m_recovery\cot_task_b_s45_recovery\training_log.json
5M recovery,CoT,task_b,45,9,1.7159103155136108,0.0004946461621797825,1.002721281528473,0.432,export\models_5m_recovery\cot_task_b_s45_recovery\training_log.json
5M recovery,CoT,task_b,45,10,1.6984424333572388,0.0004905091155048882,0.9463553876876831,0.328,export\models_5m_recovery\cot_task_b_s45_recovery\training_log.json
5M recovery,CoT,task_b,45,11,1.6723244066238403,0.0004852246920925475,0.9601347365379334,0.408,export\models_5m_recovery\cot_task_b_s45_recovery\training_log.json
5M recovery,CoT,task_b,45,12,1.637161184310913,0.00047881863712243716,1.0030448760986328,0.408,export\models_5m_recovery\cot_task_b_s45_recovery\training_log.json
5M recovery,CoT,task_b,45,13,1.6025937929153442,0.0004713221602504371,1.0148730144500733,0.472,export\models_5m_recovery\cot_task_b_s45_recovery\training_log.json
5M recovery,CoT,task_b,45,14,1.5764212312698365,0.00046277178355832435,1.0765289931297302,0.552,export\models_5m_recovery\cot_task_b_s45_recovery\training_log.json
5M recovery,CoT,task_b,45,15,1.5455251541137696,0.00045320916362186214,1.0935735201835632,0.584,export\models_5m_recovery\cot_task_b_s45_recovery\training_log.json
5M recovery,CoT,task_b,45,16,1.5139046297073364,0.0004426808885641496,1.094805567264557,0.552,export\models_5m_recovery\cot_task_b_s45_recovery\training_log.json
5M recovery,CoT,task_b,45,17,1.470711220741272,0.00043123825108296954,1.303364287853241,0.816,export\models_5m_recovery\cot_task_b_s45_recovery\training_log.json
5M recovery,CoT,task_b,45,18,1.38894580078125,0.0004189369985579203,1.632742681980133,0.96,export\models_5m_recovery\cot_task_b_s45_recovery\training_log.json
5M recovery,CoT,task_b,45,19,1.328312481880188,0.0004058370614547863,1.654388949394226,0.984,export\models_5m_recovery\cot_task_b_s45_recovery\training_log.json
5M recovery,CoT,task_b,45,20,1.299598629951477,0.00039200226135033294,1.9103867292404175,0.992,export\models_5m_recovery\cot_task_b_s45_recovery\training_log.json
5M recovery,CoT,task_b,45,21,1.2670858087539674,0.0003775,1.8167021503448486,1.0,export\models_5m_recovery\cot_task_b_s45_recovery\training_log.json
5M recovery,CoT,task_b,45,22,1.2520260553359985,0.000362400930963324,1.8720323739051818,0.952,export\models_5m_recovery\cot_task_b_s45_recovery\training_log.json
5M recovery,CoT,task_b,45,23,1.2440104999542236,0.00034677861538689845,1.9661862859725951,0.992,export\models_5m_recovery\cot_task_b_s45_recovery\training_log.json
5M recovery,CoT,task_b,45,24,1.2237554121017455,0.00033070916362186215,1.7558133883476257,0.984,export\models_5m_recovery\cot_task_b_s45_recovery\training_log.json
5M recovery,CoT,task_b,45,25,1.2095387897491454,0.00031427086442191855,1.751694372177124,0.952,export\models_5m_recovery\cot_task_b_s45_recovery\training_log.json
5M recovery,CoT,task_b,45,26,1.2022967720031739,0.000297543803528398,1.9138446712493897,0.968,export\models_5m_recovery\cot_task_b_s45_recovery\training_log.json
5M recovery,CoT,task_b,45,27,1.1934054098129272,0.00028060947350057514,2.017305030822754,0.96,export\models_5m_recovery\cot_task_b_s45_recovery\training_log.json
5M recovery,CoT,task_b,45,28,1.1865104761123657,0.0002635503766921128,1.9360691900253295,0.968,export\models_5m_recovery\cot_task_b_s45_recovery\training_log.json
5M recovery,CoT,task_b,45,29,1.177773621559143,0.00024644962330788733,1.8303706727027893,0.968,export\models_5m_recovery\cot_task_b_s45_recovery\training_log.json
5M recovery,CoT,task_b,45,30,1.1713190288543702,0.00022939052649942497,1.818573634147644,0.944,export\models_5m_recovery\cot_task_b_s45_recovery\training_log.json
5M recovery,CoT,task_b,45,31,1.1641166486740113,0.0002124561964716021,1.6516095914840698,0.936,export\models_5m_recovery\cot_task_b_s45_recovery\training_log.json
5M recovery,CoT,task_b,45,32,1.1609703722000122,0.00019572913557808146,1.6151102051734925,0.928,export\models_5m_recovery\cot_task_b_s45_recovery\training_log.json
5M recovery,CoT,task_b,45,33,1.1544412670135498,0.00017929083637813792,1.6578310322761536,0.936,export\models_5m_recovery\cot_task_b_s45_recovery\training_log.json
5M recovery,CoT,task_b,45,34,1.1520786046981812,0.00016322138461310155,1.669726212978363,0.928,export\models_5m_recovery\cot_task_b_s45_recovery\training_log.json
5M recovery,CoT,task_b,45,35,1.147236325263977,0.00014759906903667603,1.8501233429908752,0.928,export\models_5m_recovery\cot_task_b_s45_recovery\training_log.json
5M recovery,CoT,task_b,45,36,1.1394397821426392,0.00013250000000000008,1.4310920062065124,0.872,export\models_5m_recovery\cot_task_b_s45_recovery\training_log.json
5M recovery,CoT,task_b,45,37,1.133672077178955,0.00011799773864966707,1.3067368650436402,0.792,export\models_5m_recovery\cot_task_b_s45_recovery\training_log.json
5M recovery,CoT,task_b,45,38,1.1339519920349121,0.00010416293854521372,1.5442227954864503,0.864,export\models_5m_recovery\cot_task_b_s45_recovery\training_log.json
5M recovery,CoT,task_b,45,39,1.127089506149292,9.10630014420798e-05,1.3025337972640991,0.736,export\models_5m_recovery\cot_task_b_s45_recovery\training_log.json
5M recovery,CoT,task_b,45,40,1.1237624568939208,7.87617489170305e-05,1.355211766242981,0.824,export\models_5m_recovery\cot_task_b_s45_recovery\training_log.json
5M recovery,CoT,task_b,45,41,1.122206561088562,6.731911143585041e-05,1.2955459909439087,0.744,export\models_5m_recovery\cot_task_b_s45_recovery\training_log.json
5M recovery,CoT,task_b,45,42,1.1167172565460206,5.67908363781379e-05,1.1650334873199464,0.648,export\models_5m_recovery\cot_task_b_s45_recovery\training_log.json
5M recovery,CoT,task_b,45,43,1.1133612375259399,4.722821644167565e-05,1.1658243398666381,0.712,export\models_5m_recovery\cot_task_b_s45_recovery\training_log.json
5M recovery,CoT,task_b,45,44,1.1126557712554932,3.867783974956289e-05,1.1344140791893005,0.584,export\models_5m_recovery\cot_task_b_s45_recovery\training_log.json
5M recovery,CoT,task_b,45,45,1.1116438264846802,3.118136287756276e-05,1.0963759922981262,0.592,export\models_5m_recovery\cot_task_b_s45_recovery\training_log.json
5M recovery,CoT,task_b,45,46,1.1103036365509034,2.4775307907452464e-05,1.0214297494888305,0.496,export\models_5m_recovery\cot_task_b_s45_recovery\training_log.json
5M recovery,CoT,task_b,45,47,1.1065245809555053,1.9490884495111872e-05,1.0110435285568238,0.472,export\models_5m_recovery\cot_task_b_s45_recovery\training_log.json
5M recovery,CoT,task_b,45,48,1.1073558654785156,1.5353837820217605e-05,1.0227802906036376,0.424,export\models_5m_recovery\cot_task_b_s45_recovery\training_log.json
5M recovery,CoT,task_b,45,49,1.105767336845398,1.2384323158315261e-05,1.0344104051589966,0.448,export\models_5m_recovery\cot_task_b_s45_recovery\training_log.json
5M recovery,CoT,task_b,45,50,1.105806879043579,1.0596807686343073e-05,1.0252723467350007,0.504,export\models_5m_recovery\cot_task_b_s45_recovery\training_log.json
5M recovery,CoT,task_b,46,1,2.0307500867843626,0.0001,1.0954258074760437,0.616,export\models_5m_recovery\cot_task_b_s46_recovery\training_log.json
5M recovery,CoT,task_b,46,2,1.8580952043533325,0.0002,1.2106865272521972,0.792,export\models_5m_recovery\cot_task_b_s46_recovery\training_log.json
5M recovery,CoT,task_b,46,3,1.8228904304504394,0.0003,1.2599181432723998,0.872,export\models_5m_recovery\cot_task_b_s46_recovery\training_log.json
5M recovery,CoT,task_b,46,4,1.7902023887634277,0.0004,1.21031152009964,0.864,export\models_5m_recovery\cot_task_b_s46_recovery\training_log.json
5M recovery,CoT,task_b,46,5,1.7691370964050293,0.0005,1.117051962852478,0.736,export\models_5m_recovery\cot_task_b_s46_recovery\training_log.json
5M recovery,CoT,task_b,46,6,1.7535001058578492,0.0005,1.1100523390769959,0.704,export\models_5m_recovery\cot_task_b_s46_recovery\training_log.json
5M recovery,CoT,task_b,46,7,1.7371091737747193,0.0004994031923136569,0.9922516293525696,0.456,export\models_5m_recovery\cot_task_b_s46_recovery\training_log.json
5M recovery,CoT,task_b,46,8,1.7257369813919068,0.0004976156768416848,0.9534788689613343,0.344,export\models_5m_recovery\cot_task_b_s46_recovery\training_log.json
5M recovery,CoT,task_b,46,9,1.7128005037307739,0.0004946461621797825,0.9690088868141175,0.4,export\models_5m_recovery\cot_task_b_s46_recovery\training_log.json
5M recovery,CoT,task_b,46,10,1.6970918645858766,0.0004905091155048882,0.9385650138854981,0.296,export\models_5m_recovery\cot_task_b_s46_recovery\training_log.json
5M recovery,CoT,task_b,46,11,1.6659798278808593,0.0004852246920925475,0.9382824974060059,0.32,export\models_5m_recovery\cot_task_b_s46_recovery\training_log.json
5M recovery,CoT,task_b,46,12,1.6367457656860351,0.00047881863712243716,0.9880275406837463,0.424,export\models_5m_recovery\cot_task_b_s46_recovery\training_log.json
5M recovery,CoT,task_b,46,13,1.6091621284484863,0.0004713221602504371,0.9860832118988037,0.416,export\models_5m_recovery\cot_task_b_s46_recovery\training_log.json
5M recovery,CoT,task_b,46,14,1.5749748592376709,0.00046277178355832435,0.9917835035324096,0.392,export\models_5m_recovery\cot_task_b_s46_recovery\training_log.json
5M recovery,CoT,task_b,46,15,1.545861415863037,0.00045320916362186214,1.0585101470947265,0.528,export\models_5m_recovery\cot_task_b_s46_recovery\training_log.json
5M recovery,CoT,task_b,46,16,1.5029837865829467,0.0004426808885641496,1.1387282557487488,0.616,export\models_5m_recovery\cot_task_b_s46_recovery\training_log.json
5M recovery,CoT,task_b,46,17,1.4544064378738404,0.00043123825108296954,1.2235146718025207,0.8,export\models_5m_recovery\cot_task_b_s46_recovery\training_log.json
5M recovery,CoT,task_b,46,18,1.4060208559036256,0.0004189369985579203,1.4986871118545533,0.952,export\models_5m_recovery\cot_task_b_s46_recovery\training_log.json
5M recovery,CoT,task_b,46,19,1.3673583669662475,0.0004058370614547863,1.5052048892974854,0.968,export\models_5m_recovery\cot_task_b_s46_recovery\training_log.json
5M recovery,CoT,task_b,46,20,1.3366067018508911,0.00039200226135033294,1.8212716512680054,0.968,export\models_5m_recovery\cot_task_b_s46_recovery\training_log.json
5M recovery,CoT,task_b,46,21,1.307686926841736,0.0003775,1.7194879784584045,0.96,export\models_5m_recovery\cot_task_b_s46_recovery\training_log.json
5M recovery,CoT,task_b,46,22,1.2912155752182006,0.000362400930963324,1.992387538433075,0.992,export\models_5m_recovery\cot_task_b_s46_recovery\training_log.json
5M recovery,CoT,task_b,46,23,1.263964771270752,0.00034677861538689845,1.822780161857605,1.0,export\models_5m_recovery\cot_task_b_s46_recovery\training_log.json
5M recovery,CoT,task_b,46,24,1.2464466857910157,0.00033070916362186215,2.0457076506614684,0.984,export\models_5m_recovery\cot_task_b_s46_recovery\training_log.json
5M recovery,CoT,task_b,46,25,1.22932958984375,0.00031427086442191855,1.8443634576797485,0.968,export\models_5m_recovery\cot_task_b_s46_recovery\training_log.json
5M recovery,CoT,task_b,46,26,1.216408260345459,0.000297543803528398,1.8335386996269225,0.968,export\models_5m_recovery\cot_task_b_s46_recovery\training_log.json
5M recovery,CoT,task_b,46,27,1.2028800249099731,0.00028060947350057514,1.737301224708557,0.976,export\models_5m_recovery\cot_task_b_s46_recovery\training_log.json
5M recovery,CoT,task_b,46,28,1.196624761581421,0.0002635503766921128,1.9221079592704773,0.96,export\models_5m_recovery\cot_task_b_s46_recovery\training_log.json
5M recovery,CoT,task_b,46,29,1.1892050924301147,0.00024644962330788733,1.8997617135047913,0.968,export\models_5m_recovery\cot_task_b_s46_recovery\training_log.json
5M recovery,CoT,task_b,46,30,1.1776948642730714,0.00022939052649942497,2.0176617188453676,0.976,export\models_5m_recovery\cot_task_b_s46_recovery\training_log.json
5M recovery,CoT,task_b,46,31,1.1703823652267455,0.0002124561964716021,1.8676190347671509,0.96,export\models_5m_recovery\cot_task_b_s46_recovery\training_log.json
5M recovery,CoT,task_b,46,32,1.1613092279434205,0.00019572913557808146,1.7076319851875306,0.928,export\models_5m_recovery\cot_task_b_s46_recovery\training_log.json
5M recovery,CoT,task_b,46,33,1.1586550979614259,0.00017929083637813792,1.7753386163711549,0.96,export\models_5m_recovery\cot_task_b_s46_recovery\training_log.json
5M recovery,CoT,task_b,46,34,1.152353223800659,0.00016322138461310155,1.543859778881073,0.944,export\models_5m_recovery\cot_task_b_s46_recovery\training_log.json
5M recovery,CoT,task_b,46,35,1.1497467584609986,0.00014759906903667603,1.517088149547577,0.904,export\models_5m_recovery\cot_task_b_s46_recovery\training_log.json
5M recovery,CoT,task_b,46,36,1.1426387033462524,0.00013250000000000008,1.543371946811676,0.896,export\models_5m_recovery\cot_task_b_s46_recovery\training_log.json
5M recovery,CoT,task_b,46,37,1.138461072921753,0.00011799773864966707,1.4842158222198487,0.856,export\models_5m_recovery\cot_task_b_s46_recovery\training_log.json
5M recovery,CoT,task_b,46,38,1.1349499645233154,0.00010416293854521372,1.4165996875762938,0.864,export\models_5m_recovery\cot_task_b_s46_recovery\training_log.json
5M recovery,CoT,task_b,46,39,1.1310933465957642,9.10630014420798e-05,1.4220558571815491,0.832,export\models_5m_recovery\cot_task_b_s46_recovery\training_log.json
5M recovery,CoT,task_b,46,40,1.1262324409484863,7.87617489170305e-05,1.4181315999031068,0.808,export\models_5m_recovery\cot_task_b_s46_recovery\training_log.json
5M recovery,CoT,task_b,46,41,1.1254200811386108,6.731911143585041e-05,1.340648989200592,0.768,export\models_5m_recovery\cot_task_b_s46_recovery\training_log.json
5M recovery,CoT,task_b,46,42,1.120940128326416,5.67908363781379e-05,1.3393155608177185,0.792,export\models_5m_recovery\cot_task_b_s46_recovery\training_log.json
5M recovery,CoT,task_b,46,43,1.118702953338623,4.722821644167565e-05,1.1886601858139039,0.672,export\models_5m_recovery\cot_task_b_s46_recovery\training_log.json
5M recovery,CoT,task_b,46,44,1.1168513975143433,3.867783974956289e-05,1.234623703956604,0.696,export\models_5m_recovery\cot_task_b_s46_recovery\training_log.json
5M recovery,CoT,task_b,46,45,1.1140304136276244,3.118136287756276e-05,1.1595993328094483,0.6,export\models_5m_recovery\cot_task_b_s46_recovery\training_log.json
5M recovery,CoT,task_b,46,46,1.1127490291595459,2.4775307907452464e-05,1.156088039636612,0.616,export\models_5m_recovery\cot_task_b_s46_recovery\training_log.json
5M recovery,CoT,task_b,46,47,1.11089892578125,1.9490884495111872e-05,1.0972039589881897,0.568,export\models_5m_recovery\cot_task_b_s46_recovery\training_log.json
5M recovery,CoT,task_b,46,48,1.1100562934875489,1.5353837820217605e-05,1.0855468196868896,0.632,export\models_5m_recovery\cot_task_b_s46_recovery\training_log.json
5M recovery,CoT,task_b,46,49,1.1079834995269775,1.2384323158315261e-05,1.0629795157909394,0.544,export\models_5m_recovery\cot_task_b_s46_recovery\training_log.json
5M recovery,CoT,task_b,46,50,1.1086506547927857,1.0596807686343073e-05,1.105007167339325,0.56,export\models_5m_recovery\cot_task_b_s46_recovery\training_log.json
5M recovery,Recurrent Latent,task_a,42,1,2.131290813446045,0.0001,3.9180165643692018,1.0,export\models_5m_recovery\latent_task_a_s42_recovery\training_log.json
5M recovery,Recurrent Latent,task_a,42,2,2.0400099401474,0.0002,3.930124568939209,1.0,export\models_5m_recovery\latent_task_a_s42_recovery\training_log.json
5M recovery,Recurrent Latent,task_a,42,3,2.0202623014450074,0.0003,3.8022075824737547,1.0,export\models_5m_recovery\latent_task_a_s42_recovery\training_log.json
5M recovery,Recurrent Latent,task_a,42,4,1.9996789617538453,0.0004,3.2920780725479126,1.0,export\models_5m_recovery\latent_task_a_s42_recovery\training_log.json
5M recovery,Recurrent Latent,task_a,42,5,1.9808216466903688,0.0005,2.9619448747634887,1.0,export\models_5m_recovery\latent_task_a_s42_recovery\training_log.json
5M recovery,Recurrent Latent,task_a,42,6,1.959530641555786,0.0005,2.655996106147766,1.0,export\models_5m_recovery\latent_task_a_s42_recovery\training_log.json
5M recovery,Recurrent Latent,task_a,42,7,1.9496270399093627,0.0004994031923136569,2.6297004985809327,1.0,export\models_5m_recovery\latent_task_a_s42_recovery\training_log.json
5M recovery,Recurrent Latent,task_a,42,8,1.9616420135498047,0.0004976156768416848,2.6196435842514036,1.0,export\models_5m_recovery\latent_task_a_s42_recovery\training_log.json
5M recovery,Recurrent Latent,task_a,42,9,1.9512394275665284,0.0004946461621797825,2.419721024513245,0.992,export\models_5m_recovery\latent_task_a_s42_recovery\training_log.json
5M recovery,Recurrent Latent,task_a,42,10,1.945990393638611,0.0004905091155048882,2.4435877246856688,0.992,export\models_5m_recovery\latent_task_a_s42_recovery\training_log.json
5M recovery,Recurrent Latent,task_a,42,11,1.9510486764907837,0.0004852246920925475,2.544307569026947,0.992,export\models_5m_recovery\latent_task_a_s42_recovery\training_log.json
5M recovery,Recurrent Latent,task_a,42,12,1.9491931810379028,0.00047881863712243716,2.5086352944374086,0.976,export\models_5m_recovery\latent_task_a_s42_recovery\training_log.json
5M recovery,Recurrent Latent,task_a,42,13,1.9441128253936768,0.0004713221602504371,2.4392069425582887,1.0,export\models_5m_recovery\latent_task_a_s42_recovery\training_log.json
5M recovery,Recurrent Latent,task_a,42,14,1.952880476951599,0.00046277178355832435,2.545024459838867,1.0,export\models_5m_recovery\latent_task_a_s42_recovery\training_log.json
5M recovery,Recurrent Latent,task_a,42,15,1.9385731859207154,0.00045320916362186214,2.4671047163009643,0.984,export\models_5m_recovery\latent_task_a_s42_recovery\training_log.json
5M recovery,Recurrent Latent,task_a,42,16,1.9348095245361328,0.0004426808885641496,2.4366104402542113,1.0,export\models_5m_recovery\latent_task_a_s42_recovery\training_log.json
5M recovery,Recurrent Latent,task_a,42,17,1.9337001695632934,0.00043123825108296954,2.378666892051697,1.0,export\models_5m_recovery\latent_task_a_s42_recovery\training_log.json
5M recovery,Recurrent Latent,task_a,42,18,1.9363968896865844,0.0004189369985579203,2.954594974517822,1.0,export\models_5m_recovery\latent_task_a_s42_recovery\training_log.json
5M recovery,Recurrent Latent,task_a,42,19,1.9303245544433594,0.0004058370614547863,2.330035764694214,1.0,export\models_5m_recovery\latent_task_a_s42_recovery\training_log.json
5M recovery,Recurrent Latent,task_a,42,20,1.9236596097946168,0.00039200226135033294,2.3011240768432617,1.0,export\models_5m_recovery\latent_task_a_s42_recovery\training_log.json
5M recovery,Recurrent Latent,task_a,42,21,1.925919816017151,0.0003775,2.14253986120224,0.984,export\models_5m_recovery\latent_task_a_s42_recovery\training_log.json
5M recovery,Recurrent Latent,task_a,42,22,1.918636965751648,0.000362400930963324,2.228126431465149,1.0,export\models_5m_recovery\latent_task_a_s42_recovery\training_log.json
5M recovery,Recurrent Latent,task_a,42,23,1.924484133720398,0.00034677861538689845,2.2460485043525695,0.984,export\models_5m_recovery\latent_task_a_s42_recovery\training_log.json
5M recovery,Recurrent Latent,task_a,42,24,1.9190839424133301,0.00033070916362186215,2.283893232345581,1.0,export\models_5m_recovery\latent_task_a_s42_recovery\training_log.json
5M recovery,Recurrent Latent,task_a,42,25,1.9127396097183227,0.00031427086442191855,2.136078209400177,0.976,export\models_5m_recovery\latent_task_a_s42_recovery\training_log.json
5M recovery,Recurrent Latent,task_a,42,26,1.9106834077835082,0.000297543803528398,2.2994641265869142,0.992,export\models_5m_recovery\latent_task_a_s42_recovery\training_log.json
5M recovery,Recurrent Latent,task_a,42,27,1.9101221370697021,0.00028060947350057514,2.1559461908340456,0.992,export\models_5m_recovery\latent_task_a_s42_recovery\training_log.json
5M recovery,Recurrent Latent,task_a,42,28,1.9115010538101196,0.0002635503766921128,2.3031749148368834,0.992,export\models_5m_recovery\latent_task_a_s42_recovery\training_log.json
5M recovery,Recurrent Latent,task_a,42,29,1.9118843383789061,0.00024644962330788733,2.17568906211853,1.0,export\models_5m_recovery\latent_task_a_s42_recovery\training_log.json
5M recovery,Recurrent Latent,task_a,42,30,1.9143800373077393,0.00022939052649942497,2.2551276111602783,0.992,export\models_5m_recovery\latent_task_a_s42_recovery\training_log.json
5M recovery,Recurrent Latent,task_a,42,31,1.9102440538406371,0.0002124561964716021,2.1804019265174865,0.976,export\models_5m_recovery\latent_task_a_s42_recovery\training_log.json
5M recovery,Recurrent Latent,task_a,42,32,1.910602786064148,0.00019572913557808146,2.1401568541526794,0.984,export\models_5m_recovery\latent_task_a_s42_recovery\training_log.json
5M recovery,Recurrent Latent,task_a,42,33,1.9163396854400634,0.00017929083637813792,2.219415793418884,0.992,export\models_5m_recovery\latent_task_a_s42_recovery\training_log.json
5M recovery,Recurrent Latent,task_a,42,34,1.9089706001281739,0.00016322138461310155,2.121476812839508,0.992,export\models_5m_recovery\latent_task_a_s42_recovery\training_log.json
5M recovery,Recurrent Latent,task_a,42,35,1.9033597764968873,0.00014759906903667603,2.1307754831314085,1.0,export\models_5m_recovery\latent_task_a_s42_recovery\training_log.json
5M recovery,Recurrent Latent,task_a,42,36,1.903327094078064,0.00013250000000000008,2.1266036109924316,1.0,export\models_5m_recovery\latent_task_a_s42_recovery\training_log.json
5M recovery,Recurrent Latent,task_a,42,37,1.900265251159668,0.00011799773864966707,2.136962121963501,0.984,export\models_5m_recovery\latent_task_a_s42_recovery\training_log.json
5M recovery,Recurrent Latent,task_a,42,38,1.8999865436553955,0.00010416293854521372,2.099467339515686,0.992,export\models_5m_recovery\latent_task_a_s42_recovery\training_log.json
5M recovery,Recurrent Latent,task_a,42,39,1.9012300176620482,9.10630014420798e-05,2.1407108488082884,0.992,export\models_5m_recovery\latent_task_a_s42_recovery\training_log.json
5M recovery,Recurrent Latent,task_a,42,40,1.8992245693206786,7.87617489170305e-05,2.1705363059043883,0.976,export\models_5m_recovery\latent_task_a_s42_recovery\training_log.json
5M recovery,Recurrent Latent,task_a,42,41,1.8986716947555542,6.731911143585041e-05,2.130385782241821,0.992,export\models_5m_recovery\latent_task_a_s42_recovery\training_log.json
5M recovery,Recurrent Latent,task_a,42,42,1.8922883319854735,5.67908363781379e-05,2.1183262133598326,0.992,export\models_5m_recovery\latent_task_a_s42_recovery\training_log.json
5M recovery,Recurrent Latent,task_a,42,43,1.8948679008483886,4.722821644167565e-05,2.050774164199829,0.968,export\models_5m_recovery\latent_task_a_s42_recovery\training_log.json
5M recovery,Recurrent Latent,task_a,42,44,1.8966596431732177,3.867783974956289e-05,2.1106242580413817,0.992,export\models_5m_recovery\latent_task_a_s42_recovery\training_log.json
5M recovery,Recurrent Latent,task_a,42,45,1.8954141883850097,3.118136287756276e-05,2.1480262546539306,0.992,export\models_5m_recovery\latent_task_a_s42_recovery\training_log.json
5M recovery,Recurrent Latent,task_a,42,46,1.890026372909546,2.4775307907452464e-05,2.078607491493225,0.992,export\models_5m_recovery\latent_task_a_s42_recovery\training_log.json
5M recovery,Recurrent Latent,task_a,42,47,1.8919673337936402,1.9490884495111872e-05,1.977247341632843,0.968,export\models_5m_recovery\latent_task_a_s42_recovery\training_log.json
5M recovery,Recurrent Latent,task_a,42,48,1.8948409786224365,1.5353837820217605e-05,2.0516680994033814,1.0,export\models_5m_recovery\latent_task_a_s42_recovery\training_log.json
5M recovery,Recurrent Latent,task_a,42,49,1.8904678468704224,1.2384323158315261e-05,2.087017378807068,0.992,export\models_5m_recovery\latent_task_a_s42_recovery\training_log.json
5M recovery,Recurrent Latent,task_a,42,50,1.8946257247924805,1.0596807686343073e-05,2.0645893440246583,0.984,export\models_5m_recovery\latent_task_a_s42_recovery\training_log.json
5M recovery,Recurrent Latent,task_a,43,1,2.131035905838013,0.0001,4.302081443786621,1.0,export\models_5m_recovery\latent_task_a_s43_recovery\training_log.json
5M recovery,Recurrent Latent,task_a,43,2,2.0366454896926878,0.0002,3.833470440864563,1.0,export\models_5m_recovery\latent_task_a_s43_recovery\training_log.json
5M recovery,Recurrent Latent,task_a,43,3,2.020305702209473,0.0003,3.6325251512527466,1.0,export\models_5m_recovery\latent_task_a_s43_recovery\training_log.json
5M recovery,Recurrent Latent,task_a,43,4,2.0050589809417723,0.0004,3.36768283367157,1.0,export\models_5m_recovery\latent_task_a_s43_recovery\training_log.json
5M recovery,Recurrent Latent,task_a,43,5,1.981249345779419,0.0005,2.993265212059021,0.992,export\models_5m_recovery\latent_task_a_s43_recovery\training_log.json
5M recovery,Recurrent Latent,task_a,43,6,1.9678507089614867,0.0005,2.787754978179932,1.0,export\models_5m_recovery\latent_task_a_s43_recovery\training_log.json
5M recovery,Recurrent Latent,task_a,43,7,1.9608878517150878,0.0004994031923136569,2.6912436599731446,1.0,export\models_5m_recovery\latent_task_a_s43_recovery\training_log.json
5M recovery,Recurrent Latent,task_a,43,8,1.9579754505157472,0.0004976156768416848,2.6432841320037843,0.992,export\models_5m_recovery\latent_task_a_s43_recovery\training_log.json
5M recovery,Recurrent Latent,task_a,43,9,1.9608090705871581,0.0004946461621797825,2.623679527282715,0.992,export\models_5m_recovery\latent_task_a_s43_recovery\training_log.json
5M recovery,Recurrent Latent,task_a,43,10,1.9576407232284545,0.0004905091155048882,2.6033192892074584,0.984,export\models_5m_recovery\latent_task_a_s43_recovery\training_log.json
5M recovery,Recurrent Latent,task_a,43,11,1.9530681447982787,0.0004852246920925475,2.5981517071723936,0.984,export\models_5m_recovery\latent_task_a_s43_recovery\training_log.json
5M recovery,Recurrent Latent,task_a,43,12,1.9556988458633422,0.00047881863712243716,2.4543252267837525,1.0,export\models_5m_recovery\latent_task_a_s43_recovery\training_log.json
5M recovery,Recurrent Latent,task_a,43,13,1.9510984373092652,0.0004713221602504371,2.5097444934844972,1.0,export\models_5m_recovery\latent_task_a_s43_recovery\training_log.json
5M recovery,Recurrent Latent,task_a,43,14,1.9495679759979248,0.00046277178355832435,2.532502960205078,1.0,export\models_5m_recovery\latent_task_a_s43_recovery\training_log.json
5M recovery,Recurrent Latent,task_a,43,15,1.9587239685058593,0.00045320916362186214,2.632936219215393,1.0,export\models_5m_recovery\latent_task_a_s43_recovery\training_log.json
5M recovery,Recurrent Latent,task_a,43,16,1.9624072923660278,0.0004426808885641496,2.538202579498291,1.0,export\models_5m_recovery\latent_task_a_s43_recovery\training_log.json
5M recovery,Recurrent Latent,task_a,43,17,1.9543529386520386,0.00043123825108296954,2.34485410451889,0.992,export\models_5m_recovery\latent_task_a_s43_recovery\training_log.json
5M recovery,Recurrent Latent,task_a,43,18,1.9542705001831056,0.0004189369985579203,2.5164286122322084,0.984,export\models_5m_recovery\latent_task_a_s43_recovery\training_log.json
5M recovery,Recurrent Latent,task_a,43,19,1.9333867664337159,0.0004058370614547863,2.317383065223694,0.992,export\models_5m_recovery\latent_task_a_s43_recovery\training_log.json
5M recovery,Recurrent Latent,task_a,43,20,1.9298848571777343,0.00039200226135033294,2.270947545528412,0.992,export\models_5m_recovery\latent_task_a_s43_recovery\training_log.json
5M recovery,Recurrent Latent,task_a,43,21,1.9257112855911256,0.0003775,2.323417872428894,0.984,export\models_5m_recovery\latent_task_a_s43_recovery\training_log.json
5M recovery,Recurrent Latent,task_a,43,22,1.9273620233535766,0.000362400930963324,2.3043798751831055,1.0,export\models_5m_recovery\latent_task_a_s43_recovery\training_log.json
5M recovery,Recurrent Latent,task_a,43,23,1.932334394454956,0.00034677861538689845,2.364583282470703,1.0,export\models_5m_recovery\latent_task_a_s43_recovery\training_log.json
5M recovery,Recurrent Latent,task_a,43,24,1.9268685369491576,0.00033070916362186215,2.3519885687828066,0.992,export\models_5m_recovery\latent_task_a_s43_recovery\training_log.json
5M recovery,Recurrent Latent,task_a,43,25,1.9228880929946899,0.00031427086442191855,2.2344399604797363,0.992,export\models_5m_recovery\latent_task_a_s43_recovery\training_log.json
5M recovery,Recurrent Latent,task_a,43,26,1.9389638795852662,0.000297543803528398,2.470321737289429,0.992,export\models_5m_recovery\latent_task_a_s43_recovery\training_log.json
5M recovery,Recurrent Latent,task_a,43,27,1.9442887916564942,0.00028060947350057514,2.4815015316009523,1.0,export\models_5m_recovery\latent_task_a_s43_recovery\training_log.json
5M recovery,Recurrent Latent,task_a,43,28,1.9264147644042968,0.0002635503766921128,2.445273716926575,0.992,export\models_5m_recovery\latent_task_a_s43_recovery\training_log.json
5M recovery,Recurrent Latent,task_a,43,29,1.9194446716308593,0.00024644962330788733,2.232509558200836,0.992,export\models_5m_recovery\latent_task_a_s43_recovery\training_log.json
5M recovery,Recurrent Latent,task_a,43,30,1.918146773338318,0.00022939052649942497,2.203210844039917,1.0,export\models_5m_recovery\latent_task_a_s43_recovery\training_log.json
5M recovery,Recurrent Latent,task_a,43,31,1.9121450986862183,0.0002124561964716021,2.1326616520881654,0.984,export\models_5m_recovery\latent_task_a_s43_recovery\training_log.json
5M recovery,Recurrent Latent,task_a,43,32,1.9177950077056884,0.00019572913557808146,2.264122360706329,0.992,export\models_5m_recovery\latent_task_a_s43_recovery\training_log.json
5M recovery,Recurrent Latent,task_a,43,33,1.913344985961914,0.00017929083637813792,2.202860115528107,0.992,export\models_5m_recovery\latent_task_a_s43_recovery\training_log.json
5M recovery,Recurrent Latent,task_a,43,34,1.9088587427139283,0.00016322138461310155,2.2379474878311156,1.0,export\models_5m_recovery\latent_task_a_s43_recovery\training_log.json
5M recovery,Recurrent Latent,task_a,43,35,1.909633074760437,0.00014759906903667603,2.28406605386734,0.992,export\models_5m_recovery\latent_task_a_s43_recovery\training_log.json
5M recovery,Recurrent Latent,task_a,43,36,1.9070560398101806,0.00013250000000000008,2.165811884880066,0.984,export\models_5m_recovery\latent_task_a_s43_recovery\training_log.json
5M recovery,Recurrent Latent,task_a,43,37,1.904689603805542,0.00011799773864966707,2.1326587290763857,0.984,export\models_5m_recovery\latent_task_a_s43_recovery\training_log.json
5M recovery,Recurrent Latent,task_a,43,38,1.904564839363098,0.00010416293854521372,2.1218936586380006,1.0,export\models_5m_recovery\latent_task_a_s43_recovery\training_log.json
5M recovery,Recurrent Latent,task_a,43,39,1.9019869356155394,9.10630014420798e-05,2.2503439445495603,0.984,export\models_5m_recovery\latent_task_a_s43_recovery\training_log.json
5M recovery,Recurrent Latent,task_a,43,40,1.9017421398162841,7.87617489170305e-05,2.1752505612373354,0.976,export\models_5m_recovery\latent_task_a_s43_recovery\training_log.json
5M recovery,Recurrent Latent,task_a,43,41,1.8965963888168336,6.731911143585041e-05,144.38569781255723,0.992,export\models_5m_recovery\latent_task_a_s43_recovery\training_log.json
5M recovery,Recurrent Latent,task_a,43,42,1.8943803424835206,5.67908363781379e-05,2.1541547050476075,1.0,export\models_5m_recovery\latent_task_a_s43_recovery\training_log.json
5M recovery,Recurrent Latent,task_a,43,43,1.895821442604065,4.722821644167565e-05,3.751686544418335,0.992,export\models_5m_recovery\latent_task_a_s43_recovery\training_log.json
5M recovery,Recurrent Latent,task_a,43,44,1.8875593185424804,3.867783974956289e-05,2.1475124492645263,0.976,export\models_5m_recovery\latent_task_a_s43_recovery\training_log.json
5M recovery,Recurrent Latent,task_a,43,45,1.8834926586151124,3.118136287756276e-05,2.1620456023216246,0.992,export\models_5m_recovery\latent_task_a_s43_recovery\training_log.json
5M recovery,Recurrent Latent,task_a,43,46,1.8874889450073242,2.4775307907452464e-05,2.1119535608291624,0.992,export\models_5m_recovery\latent_task_a_s43_recovery\training_log.json
5M recovery,Recurrent Latent,task_a,43,47,1.8870581531524657,1.9490884495111872e-05,2.238577686786652,0.992,export\models_5m_recovery\latent_task_a_s43_recovery\training_log.json
5M recovery,Recurrent Latent,task_a,43,48,1.8822923469543458,1.5353837820217605e-05,2.118334619522095,1.0,export\models_5m_recovery\latent_task_a_s43_recovery\training_log.json
5M recovery,Recurrent Latent,task_a,43,49,1.88459596824646,1.2384323158315261e-05,2.0824433269500733,0.984,export\models_5m_recovery\latent_task_a_s43_recovery\training_log.json
5M recovery,Recurrent Latent,task_a,43,50,1.882519256591797,1.0596807686343073e-05,2.087410266876221,1.0,export\models_5m_recovery\latent_task_a_s43_recovery\training_log.json
5M recovery,Recurrent Latent,task_a,44,1,2.141804400444031,0.0001,4.1207867021560665,1.0,export\models_5m_recovery\latent_task_a_s44_recovery\training_log.json
5M recovery,Recurrent Latent,task_a,44,2,2.0454690980911256,0.0002,4.0080186557769775,1.0,export\models_5m_recovery\latent_task_a_s44_recovery\training_log.json
5M recovery,Recurrent Latent,task_a,44,3,2.0243634967803956,0.0003,3.729490014076233,1.0,export\models_5m_recovery\latent_task_a_s44_recovery\training_log.json
5M recovery,Recurrent Latent,task_a,44,4,1.9995392189025878,0.0004,3.2306288061141966,1.0,export\models_5m_recovery\latent_task_a_s44_recovery\training_log.json
5M recovery,Recurrent Latent,task_a,44,5,1.9840344667434693,0.0005,2.92567964553833,1.0,export\models_5m_recovery\latent_task_a_s44_recovery\training_log.json
5M recovery,Recurrent Latent,task_a,44,6,1.9704109954833984,0.0005,2.861066201210022,1.0,export\models_5m_recovery\latent_task_a_s44_recovery\training_log.json
5M recovery,Recurrent Latent,task_a,44,7,1.9697002716064453,0.0004994031923136569,2.7276966047286986,1.0,export\models_5m_recovery\latent_task_a_s44_recovery\training_log.json
5M recovery,Recurrent Latent,task_a,44,8,1.9588967819213867,0.0004976156768416848,2.782480567932129,0.992,export\models_5m_recovery\latent_task_a_s44_recovery\training_log.json
5M recovery,Recurrent Latent,task_a,44,9,1.955955361366272,0.0004946461621797825,2.74472900390625,1.0,export\models_5m_recovery\latent_task_a_s44_recovery\training_log.json
5M recovery,Recurrent Latent,task_a,44,10,1.949735059738159,0.0004905091155048882,2.6086594161987304,1.0,export\models_5m_recovery\latent_task_a_s44_recovery\training_log.json
5M recovery,Recurrent Latent,task_a,44,11,1.9530315227508546,0.0004852246920925475,2.6340774993896483,1.0,export\models_5m_recovery\latent_task_a_s44_recovery\training_log.json
5M recovery,Recurrent Latent,task_a,44,12,1.9498051357269288,0.00047881863712243716,2.5299071960449218,1.0,export\models_5m_recovery\latent_task_a_s44_recovery\training_log.json
5M recovery,Recurrent Latent,task_a,44,13,1.9445374088287353,0.0004713221602504371,2.5753074350357057,1.0,export\models_5m_recovery\latent_task_a_s44_recovery\training_log.json
5M recovery,Recurrent Latent,task_a,44,14,1.9639564170837402,0.00046277178355832435,3.091389560699463,1.0,export\models_5m_recovery\latent_task_a_s44_recovery\training_log.json
5M recovery,Recurrent Latent,task_a,44,15,1.9714836406707763,0.00045320916362186214,2.719923394203186,1.0,export\models_5m_recovery\latent_task_a_s44_recovery\training_log.json
5M recovery,Recurrent Latent,task_a,44,16,1.9533625383377076,0.0004426808885641496,2.52230472946167,1.0,export\models_5m_recovery\latent_task_a_s44_recovery\training_log.json
5M recovery,Recurrent Latent,task_a,44,17,1.9432395706176757,0.00043123825108296954,2.5147294759750367,1.0,export\models_5m_recovery\latent_task_a_s44_recovery\training_log.json
5M recovery,Recurrent Latent,task_a,44,18,1.9422082777023315,0.0004189369985579203,2.5419745559692384,1.0,export\models_5m_recovery\latent_task_a_s44_recovery\training_log.json
5M recovery,Recurrent Latent,task_a,44,19,1.934373459815979,0.0004058370614547863,2.258533009529114,1.0,export\models_5m_recovery\latent_task_a_s44_recovery\training_log.json
5M recovery,Recurrent Latent,task_a,44,20,1.9249947500228881,0.00039200226135033294,2.298887095451355,1.0,export\models_5m_recovery\latent_task_a_s44_recovery\training_log.json
5M recovery,Recurrent Latent,task_a,44,21,1.9242895736694337,0.0003775,2.4190089502334593,1.0,export\models_5m_recovery\latent_task_a_s44_recovery\training_log.json
5M recovery,Recurrent Latent,task_a,44,22,1.9225675048828126,0.000362400930963324,2.431777256965637,1.0,export\models_5m_recovery\latent_task_a_s44_recovery\training_log.json
5M recovery,Recurrent Latent,task_a,44,23,1.917478307723999,0.00034677861538689845,2.3278369059562682,0.984,export\models_5m_recovery\latent_task_a_s44_recovery\training_log.json
5M recovery,Recurrent Latent,task_a,44,24,1.935078080177307,0.00033070916362186215,2.377033730506897,0.992,export\models_5m_recovery\latent_task_a_s44_recovery\training_log.json
5M recovery,Recurrent Latent,task_a,44,25,1.9432312965393066,0.00031427086442191855,3.181962707042694,0.984,export\models_5m_recovery\latent_task_a_s44_recovery\training_log.json
5M recovery,Recurrent Latent,task_a,44,26,1.9252729005813598,0.000297543803528398,2.3245404472351074,1.0,export\models_5m_recovery\latent_task_a_s44_recovery\training_log.json
5M recovery,Recurrent Latent,task_a,44,27,1.9238660669326781,0.00028060947350057514,2.2497351207733156,1.0,export\models_5m_recovery\latent_task_a_s44_recovery\training_log.json
5M recovery,Recurrent Latent,task_a,44,28,1.9206850671768187,0.0002635503766921128,2.3306537408828736,1.0,export\models_5m_recovery\latent_task_a_s44_recovery\training_log.json
5M recovery,Recurrent Latent,task_a,44,29,1.9217015504837036,0.00024644962330788733,2.2948434104919433,0.992,export\models_5m_recovery\latent_task_a_s44_recovery\training_log.json
5M recovery,Recurrent Latent,task_a,44,30,1.915596796989441,0.00022939052649942497,2.2570086460113528,0.984,export\models_5m_recovery\latent_task_a_s44_recovery\training_log.json
5M recovery,Recurrent Latent,task_a,44,31,1.9195284309387206,0.0002124561964716021,2.3070737371444703,1.0,export\models_5m_recovery\latent_task_a_s44_recovery\training_log.json
5M recovery,Recurrent Latent,task_a,44,32,1.9148956441879272,0.00019572913557808146,2.20216863489151,0.984,export\models_5m_recovery\latent_task_a_s44_recovery\training_log.json
5M recovery,Recurrent Latent,task_a,44,33,1.9096680402755737,0.00017929083637813792,2.2568716526031496,1.0,export\models_5m_recovery\latent_task_a_s44_recovery\training_log.json
5M recovery,Recurrent Latent,task_a,44,34,1.9076450080871583,0.00016322138461310155,2.2336807861328123,0.984,export\models_5m_recovery\latent_task_a_s44_recovery\training_log.json
5M recovery,Recurrent Latent,task_a,44,35,1.9129548740386964,0.00014759906903667603,2.177363862991333,0.992,export\models_5m_recovery\latent_task_a_s44_recovery\training_log.json
5M recovery,Recurrent Latent,task_a,44,36,1.9134312238693236,0.00013250000000000008,2.24784730052948,1.0,export\models_5m_recovery\latent_task_a_s44_recovery\training_log.json
5M recovery,Recurrent Latent,task_a,44,37,1.909400881767273,0.00011799773864966707,2.153395616531372,1.0,export\models_5m_recovery\latent_task_a_s44_recovery\training_log.json
5M recovery,Recurrent Latent,task_a,44,38,1.910537350654602,0.00010416293854521372,2.195392635822296,0.984,export\models_5m_recovery\latent_task_a_s44_recovery\training_log.json
5M recovery,Recurrent Latent,task_a,44,39,1.9065262899398803,9.10630014420798e-05,2.146784815788269,0.992,export\models_5m_recovery\latent_task_a_s44_recovery\training_log.json
5M recovery,Recurrent Latent,task_a,44,40,1.9108670177459717,7.87617489170305e-05,2.1339531145095827,0.992,export\models_5m_recovery\latent_task_a_s44_recovery\training_log.json
5M recovery,Recurrent Latent,task_a,44,41,1.9077326202392577,6.731911143585041e-05,2.1995406942367555,1.0,export\models_5m_recovery\latent_task_a_s44_recovery\training_log.json
5M recovery,Recurrent Latent,task_a,44,42,1.9082090358734132,5.67908363781379e-05,2.1608154511451723,0.992,export\models_5m_recovery\latent_task_a_s44_recovery\training_log.json
5M recovery,Recurrent Latent,task_a,44,43,1.908349624633789,4.722821644167565e-05,2.1708414516448973,1.0,export\models_5m_recovery\latent_task_a_s44_recovery\training_log.json
5M recovery,Recurrent Latent,task_a,44,44,1.9030872640609742,3.867783974956289e-05,2.189300657272339,0.992,export\models_5m_recovery\latent_task_a_s44_recovery\training_log.json
5M recovery,Recurrent Latent,task_a,44,45,1.9023982162475586,3.118136287756276e-05,2.1335562834739683,0.992,export\models_5m_recovery\latent_task_a_s44_recovery\training_log.json
5M recovery,Recurrent Latent,task_a,44,46,1.90087912940979,2.4775307907452464e-05,2.119395064353943,0.976,export\models_5m_recovery\latent_task_a_s44_recovery\training_log.json
5M recovery,Recurrent Latent,task_a,44,47,1.903527723312378,1.9490884495111872e-05,2.2649926581382753,0.984,export\models_5m_recovery\latent_task_a_s44_recovery\training_log.json
5M recovery,Recurrent Latent,task_a,44,48,1.9075479278564453,1.5353837820217605e-05,2.1328225393295286,0.992,export\models_5m_recovery\latent_task_a_s44_recovery\training_log.json
5M recovery,Recurrent Latent,task_a,44,49,1.9012648601531983,1.2384323158315261e-05,2.169731339931488,0.992,export\models_5m_recovery\latent_task_a_s44_recovery\training_log.json
5M recovery,Recurrent Latent,task_a,44,50,1.9041524391174316,1.0596807686343073e-05,2.1633479919433594,1.0,export\models_5m_recovery\latent_task_a_s44_recovery\training_log.json
5M recovery,Recurrent Latent,task_a,45,1,2.135447736740112,0.0001,4.246795702934265,1.0,export\models_5m_recovery\latent_task_a_s45_recovery\training_log.json
5M recovery,Recurrent Latent,task_a,45,2,2.0471153831481934,0.0002,4.012895245552063,1.0,export\models_5m_recovery\latent_task_a_s45_recovery\training_log.json
5M recovery,Recurrent Latent,task_a,45,3,2.014354941368103,0.0003,3.8584181241989137,1.0,export\models_5m_recovery\latent_task_a_s45_recovery\training_log.json
5M recovery,Recurrent Latent,task_a,45,4,2.004393696784973,0.0004,3.360047501564026,1.0,export\models_5m_recovery\latent_task_a_s45_recovery\training_log.json
5M recovery,Recurrent Latent,task_a,45,5,1.9844662313461303,0.0005,3.0478313846588136,1.0,export\models_5m_recovery\latent_task_a_s45_recovery\training_log.json
5M recovery,Recurrent Latent,task_a,45,6,1.9654728021621704,0.0005,2.903152095794678,1.0,export\models_5m_recovery\latent_task_a_s45_recovery\training_log.json
5M recovery,Recurrent Latent,task_a,45,7,1.962507966041565,0.0004994031923136569,2.8685959234237672,1.0,export\models_5m_recovery\latent_task_a_s45_recovery\training_log.json
5M recovery,Recurrent Latent,task_a,45,8,1.955567014694214,0.0004976156768416848,2.7030382833480835,1.0,export\models_5m_recovery\latent_task_a_s45_recovery\training_log.json
5M recovery,Recurrent Latent,task_a,45,9,1.9487775592803955,0.0004946461621797825,2.746626036643982,1.0,export\models_5m_recovery\latent_task_a_s45_recovery\training_log.json
5M recovery,Recurrent Latent,task_a,45,10,1.94808856010437,0.0004905091155048882,2.604113399505615,1.0,export\models_5m_recovery\latent_task_a_s45_recovery\training_log.json
5M recovery,Recurrent Latent,task_a,45,11,1.9464706659317017,0.0004852246920925475,2.6865531978607176,0.992,export\models_5m_recovery\latent_task_a_s45_recovery\training_log.json
5M recovery,Recurrent Latent,task_a,45,12,1.9284575653076172,0.00047881863712243716,2.4696500148773195,0.992,export\models_5m_recovery\latent_task_a_s45_recovery\training_log.json
5M recovery,Recurrent Latent,task_a,45,13,1.9170926303863525,0.0004713221602504371,2.468926498889923,0.992,export\models_5m_recovery\latent_task_a_s45_recovery\training_log.json
5M recovery,Recurrent Latent,task_a,45,14,1.9163133993148804,0.00046277178355832435,2.5001206254959105,1.0,export\models_5m_recovery\latent_task_a_s45_recovery\training_log.json
5M recovery,Recurrent Latent,task_a,45,15,1.9359563465118408,0.00045320916362186214,2.6973622875213623,1.0,export\models_5m_recovery\latent_task_a_s45_recovery\training_log.json
5M recovery,Recurrent Latent,task_a,45,16,1.9254073152542115,0.0004426808885641496,2.584722092628479,1.0,export\models_5m_recovery\latent_task_a_s45_recovery\training_log.json
5M recovery,Recurrent Latent,task_a,45,17,1.946966672897339,0.00043123825108296954,16.195605367660523,1.0,export\models_5m_recovery\latent_task_a_s45_recovery\training_log.json
5M recovery,Recurrent Latent,task_a,45,18,1.932147587776184,0.0004189369985579203,2.6142112255096435,1.0,export\models_5m_recovery\latent_task_a_s45_recovery\training_log.json
5M recovery,Recurrent Latent,task_a,45,19,1.9411153783798218,0.0004058370614547863,10.98344839668274,1.0,export\models_5m_recovery\latent_task_a_s45_recovery\training_log.json
5M recovery,Recurrent Latent,task_a,45,20,1.9532062702178956,0.00039200226135033294,4.117194261550903,1.0,export\models_5m_recovery\latent_task_a_s45_recovery\training_log.json
5M recovery,Recurrent Latent,task_a,45,21,1.9182372961044312,0.0003775,2.57687641620636,1.0,export\models_5m_recovery\latent_task_a_s45_recovery\training_log.json
5M recovery,Recurrent Latent,task_a,45,22,1.9158581247329711,0.000362400930963324,3.4068557648658753,0.992,export\models_5m_recovery\latent_task_a_s45_recovery\training_log.json
5M recovery,Recurrent Latent,task_a,45,23,1.915539909362793,0.00034677861538689845,2.5354844179153444,0.992,export\models_5m_recovery\latent_task_a_s45_recovery\training_log.json
5M recovery,Recurrent Latent,task_a,45,24,1.905654333114624,0.00033070916362186215,2.4773078861236573,1.0,export\models_5m_recovery\latent_task_a_s45_recovery\training_log.json
5M recovery,Recurrent Latent,task_a,45,25,1.9139274320602417,0.00031427086442191855,2.5603662643432616,0.992,export\models_5m_recovery\latent_task_a_s45_recovery\training_log.json
5M recovery,Recurrent Latent,task_a,45,26,1.908253571510315,0.000297543803528398,2.4067330570220946,0.984,export\models_5m_recovery\latent_task_a_s45_recovery\training_log.json
5M recovery,Recurrent Latent,task_a,45,27,1.9061832599639892,0.00028060947350057514,2.3522120056152342,1.0,export\models_5m_recovery\latent_task_a_s45_recovery\training_log.json
5M recovery,Recurrent Latent,task_a,45,28,1.9073357820510863,0.0002635503766921128,2.4238052101135255,1.0,export\models_5m_recovery\latent_task_a_s45_recovery\training_log.json
5M recovery,Recurrent Latent,task_a,45,29,1.8993843717575074,0.00024644962330788733,2.3852281761169434,0.992,export\models_5m_recovery\latent_task_a_s45_recovery\training_log.json
5M recovery,Recurrent Latent,task_a,45,30,1.8974937438964843,0.00022939052649942497,2.4243700017929077,1.0,export\models_5m_recovery\latent_task_a_s45_recovery\training_log.json
5M recovery,Recurrent Latent,task_a,45,31,1.9036946172714233,0.0002124561964716021,2.2419683842658995,0.992,export\models_5m_recovery\latent_task_a_s45_recovery\training_log.json
5M recovery,Recurrent Latent,task_a,45,32,1.9020528297424317,0.00019572913557808146,2.3695096492767336,1.0,export\models_5m_recovery\latent_task_a_s45_recovery\training_log.json
5M recovery,Recurrent Latent,task_a,45,33,1.89693505859375,0.00017929083637813792,2.3687833733558654,0.992,export\models_5m_recovery\latent_task_a_s45_recovery\training_log.json
5M recovery,Recurrent Latent,task_a,45,34,1.896790488243103,0.00016322138461310155,2.4271089944839477,1.0,export\models_5m_recovery\latent_task_a_s45_recovery\training_log.json
5M recovery,Recurrent Latent,task_a,45,35,1.8947940120697022,0.00014759906903667603,2.3318350315093994,1.0,export\models_5m_recovery\latent_task_a_s45_recovery\training_log.json
5M recovery,Recurrent Latent,task_a,45,36,1.89289990234375,0.00013250000000000008,2.166423074245453,0.992,export\models_5m_recovery\latent_task_a_s45_recovery\training_log.json
5M recovery,Recurrent Latent,task_a,45,37,1.8918968143463135,0.00011799773864966707,2.286279107093811,1.0,export\models_5m_recovery\latent_task_a_s45_recovery\training_log.json
5M recovery,Recurrent Latent,task_a,45,38,1.884939881324768,0.00010416293854521372,2.3169507045745847,0.984,export\models_5m_recovery\latent_task_a_s45_recovery\training_log.json
5M recovery,Recurrent Latent,task_a,45,39,1.8799098415374755,9.10630014420798e-05,2.372942869186401,1.0,export\models_5m_recovery\latent_task_a_s45_recovery\training_log.json
5M recovery,Recurrent Latent,task_a,45,40,1.8814102478027344,7.87617489170305e-05,2.3446139764785765,0.992,export\models_5m_recovery\latent_task_a_s45_recovery\training_log.json
5M recovery,Recurrent Latent,task_a,45,41,1.8806428079605102,6.731911143585041e-05,2.203793516159058,1.0,export\models_5m_recovery\latent_task_a_s45_recovery\training_log.json
5M recovery,Recurrent Latent,task_a,45,42,1.8768050651550292,5.67908363781379e-05,2.3545927476882933,1.0,export\models_5m_recovery\latent_task_a_s45_recovery\training_log.json
5M recovery,Recurrent Latent,task_a,45,43,1.8748754777908325,4.722821644167565e-05,2.2695149869918825,0.992,export\models_5m_recovery\latent_task_a_s45_recovery\training_log.json
5M recovery,Recurrent Latent,task_a,45,44,1.8683558197021484,3.867783974956289e-05,2.316724655151367,1.0,export\models_5m_recovery\latent_task_a_s45_recovery\training_log.json
5M recovery,Recurrent Latent,task_a,45,45,1.8721002254486083,3.118136287756276e-05,2.3198710355758667,1.0,export\models_5m_recovery\latent_task_a_s45_recovery\training_log.json
5M recovery,Recurrent Latent,task_a,45,46,1.8681426544189452,2.4775307907452464e-05,2.3877941980361936,1.0,export\models_5m_recovery\latent_task_a_s45_recovery\training_log.json
5M recovery,Recurrent Latent,task_a,45,47,1.8671910123825073,1.9490884495111872e-05,2.2311843729019163,1.0,export\models_5m_recovery\latent_task_a_s45_recovery\training_log.json
5M recovery,Recurrent Latent,task_a,45,48,1.8687967700958252,1.5353837820217605e-05,2.3021892881393433,1.0,export\models_5m_recovery\latent_task_a_s45_recovery\training_log.json
5M recovery,Recurrent Latent,task_a,45,49,1.8671443910598755,1.2384323158315261e-05,2.310305613040924,0.992,export\models_5m_recovery\latent_task_a_s45_recovery\training_log.json
5M recovery,Recurrent Latent,task_a,45,50,1.8673287076950074,1.0596807686343073e-05,2.2338985834121705,1.0,export\models_5m_recovery\latent_task_a_s45_recovery\training_log.json
5M recovery,Recurrent Latent,task_a,46,1,2.1445319013595583,0.0001,4.021038827896118,1.0,export\models_5m_recovery\latent_task_a_s46_recovery\training_log.json
5M recovery,Recurrent Latent,task_a,46,2,2.0529362964630127,0.0002,3.8546893272399902,1.0,export\models_5m_recovery\latent_task_a_s46_recovery\training_log.json
5M recovery,Recurrent Latent,task_a,46,3,2.027338596343994,0.0003,3.5898115692138672,1.0,export\models_5m_recovery\latent_task_a_s46_recovery\training_log.json
5M recovery,Recurrent Latent,task_a,46,4,2.004513610839844,0.0004,3.27762385559082,1.0,export\models_5m_recovery\latent_task_a_s46_recovery\training_log.json
5M recovery,Recurrent Latent,task_a,46,5,1.9876648569107056,0.0005,3.0333833351135255,1.0,export\models_5m_recovery\latent_task_a_s46_recovery\training_log.json
5M recovery,Recurrent Latent,task_a,46,6,1.9695795106887817,0.0005,2.575699188232422,1.0,export\models_5m_recovery\latent_task_a_s46_recovery\training_log.json
5M recovery,Recurrent Latent,task_a,46,7,1.9769462213516236,0.0004994031923136569,2.8424157934188843,1.0,export\models_5m_recovery\latent_task_a_s46_recovery\training_log.json
5M recovery,Recurrent Latent,task_a,46,8,1.966981375694275,0.0004976156768416848,2.695870020866394,0.992,export\models_5m_recovery\latent_task_a_s46_recovery\training_log.json
5M recovery,Recurrent Latent,task_a,46,9,1.9703809909820558,0.0004946461621797825,2.625451862335205,1.0,export\models_5m_recovery\latent_task_a_s46_recovery\training_log.json
5M recovery,Recurrent Latent,task_a,46,10,1.9605749006271362,0.0004905091155048882,2.5968858704566955,0.992,export\models_5m_recovery\latent_task_a_s46_recovery\training_log.json
5M recovery,Recurrent Latent,task_a,46,11,1.9614689321517944,0.0004852246920925475,2.494063187122345,0.992,export\models_5m_recovery\latent_task_a_s46_recovery\training_log.json
5M recovery,Recurrent Latent,task_a,46,12,1.9594399166107177,0.00047881863712243716,2.440181890010834,0.992,export\models_5m_recovery\latent_task_a_s46_recovery\training_log.json
5M recovery,Recurrent Latent,task_a,46,13,1.947051796913147,0.0004713221602504371,2.38483865070343,1.0,export\models_5m_recovery\latent_task_a_s46_recovery\training_log.json
5M recovery,Recurrent Latent,task_a,46,14,1.9404644327163696,0.00046277178355832435,2.306968958854675,0.984,export\models_5m_recovery\latent_task_a_s46_recovery\training_log.json
5M recovery,Recurrent Latent,task_a,46,15,1.9401470260620117,0.00045320916362186214,2.3406882820129393,0.992,export\models_5m_recovery\latent_task_a_s46_recovery\training_log.json
5M recovery,Recurrent Latent,task_a,46,16,1.9471222658157348,0.0004426808885641496,2.567253328323364,1.0,export\models_5m_recovery\latent_task_a_s46_recovery\training_log.json
5M recovery,Recurrent Latent,task_a,46,17,1.9434605379104615,0.00043123825108296954,2.479886551856995,1.0,export\models_5m_recovery\latent_task_a_s46_recovery\training_log.json
5M recovery,Recurrent Latent,task_a,46,18,1.9323705539703369,0.0004189369985579203,2.308295994758606,1.0,export\models_5m_recovery\latent_task_a_s46_recovery\training_log.json
5M recovery,Recurrent Latent,task_a,46,19,1.935993621826172,0.0004058370614547863,2.4514929056167603,1.0,export\models_5m_recovery\latent_task_a_s46_recovery\training_log.json
5M recovery,Recurrent Latent,task_a,46,20,1.932727674484253,0.00039200226135033294,2.374728959083557,1.0,export\models_5m_recovery\latent_task_a_s46_recovery\training_log.json
5M recovery,Recurrent Latent,task_a,46,21,1.9277026071548462,0.0003775,2.275489531517029,0.992,export\models_5m_recovery\latent_task_a_s46_recovery\training_log.json
5M recovery,Recurrent Latent,task_a,46,22,1.9304638233184814,0.000362400930963324,2.247560049057007,0.992,export\models_5m_recovery\latent_task_a_s46_recovery\training_log.json
5M recovery,Recurrent Latent,task_a,46,23,1.92863516998291,0.00034677861538689845,2.3035188179016113,1.0,export\models_5m_recovery\latent_task_a_s46_recovery\training_log.json
5M recovery,Recurrent Latent,task_a,46,24,1.9213569421768188,0.00033070916362186215,2.290183979988098,1.0,export\models_5m_recovery\latent_task_a_s46_recovery\training_log.json
5M recovery,Recurrent Latent,task_a,46,25,1.922939221382141,0.00031427086442191855,2.1618337116241455,0.992,export\models_5m_recovery\latent_task_a_s46_recovery\training_log.json
5M recovery,Recurrent Latent,task_a,46,26,1.9248735399246215,0.000297543803528398,2.219244306564331,0.992,export\models_5m_recovery\latent_task_a_s46_recovery\training_log.json
5M recovery,Recurrent Latent,task_a,46,27,1.93236616897583,0.00028060947350057514,2.3901962108612063,0.992,export\models_5m_recovery\latent_task_a_s46_recovery\training_log.json
5M recovery,Recurrent Latent,task_a,46,28,1.925117748260498,0.0002635503766921128,2.247022485256195,0.992,export\models_5m_recovery\latent_task_a_s46_recovery\training_log.json
5M recovery,Recurrent Latent,task_a,46,29,1.9209941759109497,0.00024644962330788733,2.25935223865509,0.992,export\models_5m_recovery\latent_task_a_s46_recovery\training_log.json
5M recovery,Recurrent Latent,task_a,46,30,1.919487018585205,0.00022939052649942497,2.1561341586112976,0.984,export\models_5m_recovery\latent_task_a_s46_recovery\training_log.json
5M recovery,Recurrent Latent,task_a,46,31,1.9197851247787476,0.0002124561964716021,2.226690273284912,1.0,export\models_5m_recovery\latent_task_a_s46_recovery\training_log.json
5M recovery,Recurrent Latent,task_a,46,32,1.9180137300491333,0.00019572913557808146,2.1397378039360047,0.992,export\models_5m_recovery\latent_task_a_s46_recovery\training_log.json
5M recovery,Recurrent Latent,task_a,46,33,1.9113754777908325,0.00017929083637813792,2.2528044061660766,1.0,export\models_5m_recovery\latent_task_a_s46_recovery\training_log.json
5M recovery,Recurrent Latent,task_a,46,34,1.9185172529220582,0.00016322138461310155,2.1949428124427794,0.992,export\models_5m_recovery\latent_task_a_s46_recovery\training_log.json
5M recovery,Recurrent Latent,task_a,46,35,1.911985263824463,0.00014759906903667603,2.1063998284339904,0.984,export\models_5m_recovery\latent_task_a_s46_recovery\training_log.json
5M recovery,Recurrent Latent,task_a,46,36,1.9117047691345215,0.00013250000000000008,2.1772033710479737,1.0,export\models_5m_recovery\latent_task_a_s46_recovery\training_log.json
5M recovery,Recurrent Latent,task_a,46,37,1.9091572799682617,0.00011799773864966707,2.1815396075248716,0.984,export\models_5m_recovery\latent_task_a_s46_recovery\training_log.json
5M recovery,Recurrent Latent,task_a,46,38,1.9108050203323363,0.00010416293854521372,2.132146496772766,1.0,export\models_5m_recovery\latent_task_a_s46_recovery\training_log.json
5M recovery,Recurrent Latent,task_a,46,39,1.908688787460327,9.10630014420798e-05,2.147699219703674,0.984,export\models_5m_recovery\latent_task_a_s46_recovery\training_log.json
5M recovery,Recurrent Latent,task_a,46,40,1.9081740407943726,7.87617489170305e-05,2.0549400691986084,1.0,export\models_5m_recovery\latent_task_a_s46_recovery\training_log.json
5M recovery,Recurrent Latent,task_a,46,41,1.9050238094329834,6.731911143585041e-05,2.149438781738281,0.984,export\models_5m_recovery\latent_task_a_s46_recovery\training_log.json
5M recovery,Recurrent Latent,task_a,46,42,1.9044323511123658,5.67908363781379e-05,2.101814884185791,1.0,export\models_5m_recovery\latent_task_a_s46_recovery\training_log.json
5M recovery,Recurrent Latent,task_a,46,43,1.9035482616424562,4.722821644167565e-05,2.1304934387207033,1.0,export\models_5m_recovery\latent_task_a_s46_recovery\training_log.json
5M recovery,Recurrent Latent,task_a,46,44,1.90430202293396,3.867783974956289e-05,2.2246747980117796,1.0,export\models_5m_recovery\latent_task_a_s46_recovery\training_log.json
5M recovery,Recurrent Latent,task_a,46,45,1.9055128831863404,3.118136287756276e-05,2.028950556755066,1.0,export\models_5m_recovery\latent_task_a_s46_recovery\training_log.json
5M recovery,Recurrent Latent,task_a,46,46,1.896936146736145,2.4775307907452464e-05,2.0440305666923524,0.984,export\models_5m_recovery\latent_task_a_s46_recovery\training_log.json
5M recovery,Recurrent Latent,task_a,46,47,1.89808034992218,1.9490884495111872e-05,2.0661841826438905,0.984,export\models_5m_recovery\latent_task_a_s46_recovery\training_log.json
5M recovery,Recurrent Latent,task_a,46,48,1.8976046295166016,1.5353837820217605e-05,2.1100239381790162,0.992,export\models_5m_recovery\latent_task_a_s46_recovery\training_log.json
5M recovery,Recurrent Latent,task_a,46,49,1.8960271606445311,1.2384323158315261e-05,2.1101711974143984,0.992,export\models_5m_recovery\latent_task_a_s46_recovery\training_log.json
5M recovery,Recurrent Latent,task_a,46,50,1.8964994373321533,1.0596807686343073e-05,2.142104961872101,0.984,export\models_5m_recovery\latent_task_a_s46_recovery\training_log.json
5M recovery,Recurrent Latent,task_b,42,1,2.3395168952941896,0.0001,3.215683201789856,0.992,export\models_5m_recovery\latent_task_b_s42_recovery\training_log.json
5M recovery,Recurrent Latent,task_b,42,2,2.3076803665161134,0.0002,2.759776170730591,1.0,export\models_5m_recovery\latent_task_b_s42_recovery\training_log.json
5M recovery,Recurrent Latent,task_b,42,3,2.3014565181732176,0.0003,2.525554060935974,1.0,export\models_5m_recovery\latent_task_b_s42_recovery\training_log.json
5M recovery,Recurrent Latent,task_b,42,4,2.294982383728027,0.0004,2.4307544231414795,1.0,export\models_5m_recovery\latent_task_b_s42_recovery\training_log.json
5M recovery,Recurrent Latent,task_b,42,5,2.2965345001220703,0.0005,2.4097331562042235,1.0,export\models_5m_recovery\latent_task_b_s42_recovery\training_log.json
5M recovery,Recurrent Latent,task_b,42,6,2.288013843536377,0.0005,2.2558737478256226,0.992,export\models_5m_recovery\latent_task_b_s42_recovery\training_log.json
5M recovery,Recurrent Latent,task_b,42,7,2.28167854309082,0.0004994031923136569,2.2153943128585816,1.0,export\models_5m_recovery\latent_task_b_s42_recovery\training_log.json
5M recovery,Recurrent Latent,task_b,42,8,2.2742480392456055,0.0004976156768416848,2.1222724332809446,1.0,export\models_5m_recovery\latent_task_b_s42_recovery\training_log.json
5M recovery,Recurrent Latent,task_b,42,9,2.2620990467071533,0.0004946461621797825,2.203582141876221,0.992,export\models_5m_recovery\latent_task_b_s42_recovery\training_log.json
5M recovery,Recurrent Latent,task_b,42,10,2.234917821884155,0.0004905091155048882,2.097280921936035,1.0,export\models_5m_recovery\latent_task_b_s42_recovery\training_log.json
5M recovery,Recurrent Latent,task_b,42,11,2.2028964519500733,0.0004852246920925475,2.0564896364212037,1.0,export\models_5m_recovery\latent_task_b_s42_recovery\training_log.json
5M recovery,Recurrent Latent,task_b,42,12,2.186339000701904,0.00047881863712243716,2.110818796157837,1.0,export\models_5m_recovery\latent_task_b_s42_recovery\training_log.json
5M recovery,Recurrent Latent,task_b,42,13,2.170141077041626,0.0004713221602504371,2.0545670385360717,1.0,export\models_5m_recovery\latent_task_b_s42_recovery\training_log.json
5M recovery,Recurrent Latent,task_b,42,14,2.1515529079437257,0.00046277178355832435,1.9625444693565368,0.992,export\models_5m_recovery\latent_task_b_s42_recovery\training_log.json
5M recovery,Recurrent Latent,task_b,42,15,2.150678747177124,0.00045320916362186214,2.0733891215324403,0.992,export\models_5m_recovery\latent_task_b_s42_recovery\training_log.json
5M recovery,Recurrent Latent,task_b,42,16,2.137839088439941,0.0004426808885641496,1.9956330938339233,0.968,export\models_5m_recovery\latent_task_b_s42_recovery\training_log.json
5M recovery,Recurrent Latent,task_b,42,17,2.117675453186035,0.00043123825108296954,1.9779363422393799,0.976,export\models_5m_recovery\latent_task_b_s42_recovery\training_log.json
5M recovery,Recurrent Latent,task_b,42,18,2.098685308456421,0.0004189369985579203,2.11419387960434,0.992,export\models_5m_recovery\latent_task_b_s42_recovery\training_log.json
5M recovery,Recurrent Latent,task_b,42,19,2.0925912799835205,0.0004058370614547863,2.0346607685089113,0.968,export\models_5m_recovery\latent_task_b_s42_recovery\training_log.json
5M recovery,Recurrent Latent,task_b,42,20,2.0725710945129396,0.00039200226135033294,1.9149105587005615,0.992,export\models_5m_recovery\latent_task_b_s42_recovery\training_log.json
5M recovery,Recurrent Latent,task_b,42,21,2.0560935735702515,0.0003775,2.0622049837112426,0.984,export\models_5m_recovery\latent_task_b_s42_recovery\training_log.json
5M recovery,Recurrent Latent,task_b,42,22,2.0481779079437255,0.000362400930963324,1.9764692025184631,0.984,export\models_5m_recovery\latent_task_b_s42_recovery\training_log.json
5M recovery,Recurrent Latent,task_b,42,23,2.0398841791152953,0.00034677861538689845,1.9962150564193726,0.992,export\models_5m_recovery\latent_task_b_s42_recovery\training_log.json
5M recovery,Recurrent Latent,task_b,42,24,2.0330378179550173,0.00033070916362186215,1.9013290824890137,0.976,export\models_5m_recovery\latent_task_b_s42_recovery\training_log.json
5M recovery,Recurrent Latent,task_b,42,25,2.0263991413116456,0.00031427086442191855,1.9143505339622497,0.984,export\models_5m_recovery\latent_task_b_s42_recovery\training_log.json
5M recovery,Recurrent Latent,task_b,42,26,2.0209171075820924,0.000297543803528398,1.8930081996917725,0.984,export\models_5m_recovery\latent_task_b_s42_recovery\training_log.json
5M recovery,Recurrent Latent,task_b,42,27,2.0241187047958373,0.00028060947350057514,1.997671591758728,0.992,export\models_5m_recovery\latent_task_b_s42_recovery\training_log.json
5M recovery,Recurrent Latent,task_b,42,28,2.0257551679611208,0.0002635503766921128,2.006723174095154,0.992,export\models_5m_recovery\latent_task_b_s42_recovery\training_log.json
5M recovery,Recurrent Latent,task_b,42,29,2.019841133117676,0.00024644962330788733,1.8368126745223998,0.992,export\models_5m_recovery\latent_task_b_s42_recovery\training_log.json
5M recovery,Recurrent Latent,task_b,42,30,2.0083117580413816,0.00022939052649942497,1.7975011010169983,0.96,export\models_5m_recovery\latent_task_b_s42_recovery\training_log.json
5M recovery,Recurrent Latent,task_b,42,31,2.0130973281860354,0.0002124561964716021,2.0812010893821715,0.992,export\models_5m_recovery\latent_task_b_s42_recovery\training_log.json
5M recovery,Recurrent Latent,task_b,42,32,2.0067939434051514,0.00019572913557808146,1.9817193689346313,0.984,export\models_5m_recovery\latent_task_b_s42_recovery\training_log.json
5M recovery,Recurrent Latent,task_b,42,33,2.003030020713806,0.00017929083637813792,1.8416855750083923,0.992,export\models_5m_recovery\latent_task_b_s42_recovery\training_log.json
5M recovery,Recurrent Latent,task_b,42,34,1.998107148170471,0.00016322138461310155,2.014535779476166,0.968,export\models_5m_recovery\latent_task_b_s42_recovery\training_log.json
5M recovery,Recurrent Latent,task_b,42,35,1.989261513710022,0.00014759906903667603,1.8489794363975525,0.984,export\models_5m_recovery\latent_task_b_s42_recovery\training_log.json
5M recovery,Recurrent Latent,task_b,42,36,1.9832016487121582,0.00013250000000000008,1.8936652479171754,1.0,export\models_5m_recovery\latent_task_b_s42_recovery\training_log.json
5M recovery,Recurrent Latent,task_b,42,37,1.971160294532776,0.00011799773864966707,1.895817391395569,0.984,export\models_5m_recovery\latent_task_b_s42_recovery\training_log.json
5M recovery,Recurrent Latent,task_b,42,38,1.9654034910202027,0.00010416293854521372,1.908472017288208,0.984,export\models_5m_recovery\latent_task_b_s42_recovery\training_log.json
5M recovery,Recurrent Latent,task_b,42,39,1.9568765201568603,9.10630014420798e-05,1.9591066083908082,1.0,export\models_5m_recovery\latent_task_b_s42_recovery\training_log.json
5M recovery,Recurrent Latent,task_b,42,40,1.9455976057052613,7.87617489170305e-05,1.9099905214309691,1.0,export\models_5m_recovery\latent_task_b_s42_recovery\training_log.json
5M recovery,Recurrent Latent,task_b,42,41,1.936174419403076,6.731911143585041e-05,1.9638174877166747,1.0,export\models_5m_recovery\latent_task_b_s42_recovery\training_log.json
5M recovery,Recurrent Latent,task_b,42,42,1.9212905721664428,5.67908363781379e-05,2.437895748138428,1.0,export\models_5m_recovery\latent_task_b_s42_recovery\training_log.json
5M recovery,Recurrent Latent,task_b,42,43,1.911424572944641,4.722821644167565e-05,2.7748981142044067,1.0,export\models_5m_recovery\latent_task_b_s42_recovery\training_log.json
5M recovery,Recurrent Latent,task_b,42,44,1.897781189918518,3.867783974956289e-05,3.016603840827942,1.0,export\models_5m_recovery\latent_task_b_s42_recovery\training_log.json
5M recovery,Recurrent Latent,task_b,42,45,1.8864717273712157,3.118136287756276e-05,2.7322799501419066,1.0,export\models_5m_recovery\latent_task_b_s42_recovery\training_log.json
5M recovery,Recurrent Latent,task_b,42,46,1.8740545816421508,2.4775307907452464e-05,3.3528843421936037,1.0,export\models_5m_recovery\latent_task_b_s42_recovery\training_log.json
5M recovery,Recurrent Latent,task_b,42,47,1.8636906232833863,1.9490884495111872e-05,3.837033495903015,1.0,export\models_5m_recovery\latent_task_b_s42_recovery\training_log.json
5M recovery,Recurrent Latent,task_b,42,48,1.8572497453689576,1.5353837820217605e-05,5.790385338783264,1.0,export\models_5m_recovery\latent_task_b_s42_recovery\training_log.json
5M recovery,Recurrent Latent,task_b,42,49,1.848902413368225,1.2384323158315261e-05,3.907812574386597,1.0,export\models_5m_recovery\latent_task_b_s42_recovery\training_log.json
5M recovery,Recurrent Latent,task_b,42,50,1.8428960962295533,1.0596807686343073e-05,3.748617425918579,1.0,export\models_5m_recovery\latent_task_b_s42_recovery\training_log.json
5M recovery,Recurrent Latent,task_b,43,1,2.3399160690307617,0.0001,3.2947655086517336,1.0,export\models_5m_recovery\latent_task_b_s43_recovery\training_log.json
5M recovery,Recurrent Latent,task_b,43,2,2.31186554145813,0.0002,2.7453659400939943,1.0,export\models_5m_recovery\latent_task_b_s43_recovery\training_log.json
5M recovery,Recurrent Latent,task_b,43,3,2.302654546737671,0.0003,2.5974106216430664,0.992,export\models_5m_recovery\latent_task_b_s43_recovery\training_log.json
5M recovery,Recurrent Latent,task_b,43,4,2.2990450630187986,0.0004,2.499860845088959,0.992,export\models_5m_recovery\latent_task_b_s43_recovery\training_log.json
5M recovery,Recurrent Latent,task_b,43,5,2.2993549098968504,0.0005,2.4165620002746584,1.0,export\models_5m_recovery\latent_task_b_s43_recovery\training_log.json
5M recovery,Recurrent Latent,task_b,43,6,2.2905710487365725,0.0005,2.181639991760254,1.0,export\models_5m_recovery\latent_task_b_s43_recovery\training_log.json
5M recovery,Recurrent Latent,task_b,43,7,2.285185516357422,0.0004994031923136569,2.177319673538208,1.0,export\models_5m_recovery\latent_task_b_s43_recovery\training_log.json
5M recovery,Recurrent Latent,task_b,43,8,2.274913381576538,0.0004976156768416848,2.1570279488563537,0.992,export\models_5m_recovery\latent_task_b_s43_recovery\training_log.json
5M recovery,Recurrent Latent,task_b,43,9,2.25560809135437,0.0004946461621797825,2.238387796878815,0.984,export\models_5m_recovery\latent_task_b_s43_recovery\training_log.json
5M recovery,Recurrent Latent,task_b,43,10,2.2313036918640137,0.0004905091155048882,2.1945933628082277,1.0,export\models_5m_recovery\latent_task_b_s43_recovery\training_log.json
5M recovery,Recurrent Latent,task_b,43,11,2.2080960025787353,0.0004852246920925475,2.107613518714905,0.984,export\models_5m_recovery\latent_task_b_s43_recovery\training_log.json
5M recovery,Recurrent Latent,task_b,43,12,2.1824266147613525,0.00047881863712243716,2.199001441001892,0.984,export\models_5m_recovery\latent_task_b_s43_recovery\training_log.json
5M recovery,Recurrent Latent,task_b,43,13,2.167784778594971,0.0004713221602504371,2.057434684753418,1.0,export\models_5m_recovery\latent_task_b_s43_recovery\training_log.json
5M recovery,Recurrent Latent,task_b,43,14,2.153338649749756,0.00046277178355832435,2.089360095500946,0.992,export\models_5m_recovery\latent_task_b_s43_recovery\training_log.json
5M recovery,Recurrent Latent,task_b,43,15,2.1128546752929687,0.00045320916362186214,2.1103514647483825,0.984,export\models_5m_recovery\latent_task_b_s43_recovery\training_log.json
5M recovery,Recurrent Latent,task_b,43,16,2.100847412109375,0.0004426808885641496,2.1235820198059083,0.992,export\models_5m_recovery\latent_task_b_s43_recovery\training_log.json
5M recovery,Recurrent Latent,task_b,43,17,2.0878839988708497,0.00043123825108296954,2.031196913719177,0.992,export\models_5m_recovery\latent_task_b_s43_recovery\training_log.json
5M recovery,Recurrent Latent,task_b,43,18,2.085688097000122,0.0004189369985579203,2.0776449127197267,0.992,export\models_5m_recovery\latent_task_b_s43_recovery\training_log.json
5M recovery,Recurrent Latent,task_b,43,19,2.0949873962402346,0.0004058370614547863,2.153611785411835,0.992,export\models_5m_recovery\latent_task_b_s43_recovery\training_log.json
5M recovery,Recurrent Latent,task_b,43,20,2.068110571861267,0.00039200226135033294,2.022489082336426,1.0,export\models_5m_recovery\latent_task_b_s43_recovery\training_log.json
5M recovery,Recurrent Latent,task_b,43,21,2.0833201694488523,0.0003775,2.301463858604431,1.0,export\models_5m_recovery\latent_task_b_s43_recovery\training_log.json
5M recovery,Recurrent Latent,task_b,43,22,2.060896028518677,0.000362400930963324,2.4918667731285096,0.984,export\models_5m_recovery\latent_task_b_s43_recovery\training_log.json
5M recovery,Recurrent Latent,task_b,43,23,2.0514516105651857,0.00034677861538689845,2.1199246344566345,0.984,export\models_5m_recovery\latent_task_b_s43_recovery\training_log.json
5M recovery,Recurrent Latent,task_b,43,24,2.062388038635254,0.00033070916362186215,2.3044002285003664,0.984,export\models_5m_recovery\latent_task_b_s43_recovery\training_log.json
5M recovery,Recurrent Latent,task_b,43,25,2.0424058237075804,0.00031427086442191855,2.0789268379211427,1.0,export\models_5m_recovery\latent_task_b_s43_recovery\training_log.json
5M recovery,Recurrent Latent,task_b,43,26,2.0339982748031615,0.000297543803528398,2.059007977962494,0.992,export\models_5m_recovery\latent_task_b_s43_recovery\training_log.json
5M recovery,Recurrent Latent,task_b,43,27,2.029555295944214,0.00028060947350057514,1.9899820137023925,0.992,export\models_5m_recovery\latent_task_b_s43_recovery\training_log.json
5M recovery,Recurrent Latent,task_b,43,28,2.033924256324768,0.0002635503766921128,2.0853942112922668,0.992,export\models_5m_recovery\latent_task_b_s43_recovery\training_log.json
5M recovery,Recurrent Latent,task_b,43,29,2.0356215419769286,0.00024644962330788733,2.2624817943572997,1.0,export\models_5m_recovery\latent_task_b_s43_recovery\training_log.json
5M recovery,Recurrent Latent,task_b,43,30,2.0332669658660887,0.00022939052649942497,2.043818458557129,0.984,export\models_5m_recovery\latent_task_b_s43_recovery\training_log.json
5M recovery,Recurrent Latent,task_b,43,31,2.039489253997803,0.0002124561964716021,2.1686253542900085,0.992,export\models_5m_recovery\latent_task_b_s43_recovery\training_log.json
5M recovery,Recurrent Latent,task_b,43,32,2.042222005844116,0.00019572913557808146,6.668383507728577,1.0,export\models_5m_recovery\latent_task_b_s43_recovery\training_log.json
5M recovery,Recurrent Latent,task_b,43,33,2.049218094825745,0.00017929083637813792,2.091400857925415,1.0,export\models_5m_recovery\latent_task_b_s43_recovery\training_log.json
5M recovery,Recurrent Latent,task_b,43,34,2.0428825998306275,0.00016322138461310155,2.0907728896141053,0.992,export\models_5m_recovery\latent_task_b_s43_recovery\training_log.json
5M recovery,Recurrent Latent,task_b,43,35,2.0334272327423095,0.00014759906903667603,2.1106193561553956,1.0,export\models_5m_recovery\latent_task_b_s43_recovery\training_log.json
5M recovery,Recurrent Latent,task_b,43,36,2.026058350563049,0.00013250000000000008,1.9832430844306945,0.992,export\models_5m_recovery\latent_task_b_s43_recovery\training_log.json
5M recovery,Recurrent Latent,task_b,43,37,2.0204589710235594,0.00011799773864966707,2.040489112854004,0.992,export\models_5m_recovery\latent_task_b_s43_recovery\training_log.json
5M recovery,Recurrent Latent,task_b,43,38,2.015540744781494,0.00010416293854521372,1.9830817213058471,1.0,export\models_5m_recovery\latent_task_b_s43_recovery\training_log.json
5M recovery,Recurrent Latent,task_b,43,39,2.0138758420944214,9.10630014420798e-05,2.0586542382240296,0.992,export\models_5m_recovery\latent_task_b_s43_recovery\training_log.json
5M recovery,Recurrent Latent,task_b,43,40,2.0093933095932006,7.87617489170305e-05,2.0133061633110048,0.992,export\models_5m_recovery\latent_task_b_s43_recovery\training_log.json
5M recovery,Recurrent Latent,task_b,43,41,2.0060181674957276,6.731911143585041e-05,1.9733175411224366,1.0,export\models_5m_recovery\latent_task_b_s43_recovery\training_log.json
5M recovery,Recurrent Latent,task_b,43,42,2.001787980079651,5.67908363781379e-05,2.0333606233596804,0.984,export\models_5m_recovery\latent_task_b_s43_recovery\training_log.json
5M recovery,Recurrent Latent,task_b,43,43,1.9979125127792359,4.722821644167565e-05,1.9393188953399658,0.984,export\models_5m_recovery\latent_task_b_s43_recovery\training_log.json
5M recovery,Recurrent Latent,task_b,43,44,1.9952980833053588,3.867783974956289e-05,2.0030035977363587,0.992,export\models_5m_recovery\latent_task_b_s43_recovery\training_log.json
5M recovery,Recurrent Latent,task_b,43,45,1.9914818048477172,3.118136287756276e-05,1.9147700157165528,1.0,export\models_5m_recovery\latent_task_b_s43_recovery\training_log.json
5M recovery,Recurrent Latent,task_b,43,46,1.9866394205093383,2.4775307907452464e-05,1.9088048334121703,0.984,export\models_5m_recovery\latent_task_b_s43_recovery\training_log.json
5M recovery,Recurrent Latent,task_b,43,47,1.984951798439026,1.9490884495111872e-05,1.8978910789489747,1.0,export\models_5m_recovery\latent_task_b_s43_recovery\training_log.json
5M recovery,Recurrent Latent,task_b,43,48,1.9811761016845704,1.5353837820217605e-05,2.028778109550476,1.0,export\models_5m_recovery\latent_task_b_s43_recovery\training_log.json
5M recovery,Recurrent Latent,task_b,43,49,1.9782244033813476,1.2384323158315261e-05,1.974102201461792,0.984,export\models_5m_recovery\latent_task_b_s43_recovery\training_log.json
5M recovery,Recurrent Latent,task_b,43,50,1.97712522315979,1.0596807686343073e-05,2.066364377975464,1.0,export\models_5m_recovery\latent_task_b_s43_recovery\training_log.json
5M recovery,Recurrent Latent,task_b,44,1,2.3449623222351073,0.0001,3.2374676084518432,1.0,export\models_5m_recovery\latent_task_b_s44_recovery\training_log.json
5M recovery,Recurrent Latent,task_b,44,2,2.305992639541626,0.0002,2.6068016891479493,0.992,export\models_5m_recovery\latent_task_b_s44_recovery\training_log.json
5M recovery,Recurrent Latent,task_b,44,3,2.2970427379608154,0.0003,2.4063846797943116,1.0,export\models_5m_recovery\latent_task_b_s44_recovery\training_log.json
5M recovery,Recurrent Latent,task_b,44,4,2.2966620388031007,0.0004,2.355192801475525,1.0,export\models_5m_recovery\latent_task_b_s44_recovery\training_log.json
5M recovery,Recurrent Latent,task_b,44,5,2.2989764289855956,0.0005,2.500266599655151,1.0,export\models_5m_recovery\latent_task_b_s44_recovery\training_log.json
5M recovery,Recurrent Latent,task_b,44,6,2.290950609207153,0.0005,2.226172179222107,1.0,export\models_5m_recovery\latent_task_b_s44_recovery\training_log.json
5M recovery,Recurrent Latent,task_b,44,7,2.2919024829864503,0.0004994031923136569,2.3243559226989747,1.0,export\models_5m_recovery\latent_task_b_s44_recovery\training_log.json
5M recovery,Recurrent Latent,task_b,44,8,2.285578649520874,0.0004976156768416848,2.282267580986023,1.0,export\models_5m_recovery\latent_task_b_s44_recovery\training_log.json
5M recovery,Recurrent Latent,task_b,44,9,2.2770449981689453,0.0004946461621797825,2.0937162184715272,0.992,export\models_5m_recovery\latent_task_b_s44_recovery\training_log.json
5M recovery,Recurrent Latent,task_b,44,10,2.27287385559082,0.0004905091155048882,2.1120790662765505,1.0,export\models_5m_recovery\latent_task_b_s44_recovery\training_log.json
5M recovery,Recurrent Latent,task_b,44,11,2.2504443073272706,0.0004852246920925475,2.0043642086982727,0.984,export\models_5m_recovery\latent_task_b_s44_recovery\training_log.json
5M recovery,Recurrent Latent,task_b,44,12,2.2244378185272216,0.00047881863712243716,2.0255153441429137,0.992,export\models_5m_recovery\latent_task_b_s44_recovery\training_log.json
5M recovery,Recurrent Latent,task_b,44,13,2.197894828796387,0.0004713221602504371,1.9554098296165465,0.984,export\models_5m_recovery\latent_task_b_s44_recovery\training_log.json
5M recovery,Recurrent Latent,task_b,44,14,2.180795011520386,0.00046277178355832435,1.9987627091407776,0.984,export\models_5m_recovery\latent_task_b_s44_recovery\training_log.json
5M recovery,Recurrent Latent,task_b,44,15,2.1739111061096192,0.00045320916362186214,2.0556890435218813,0.984,export\models_5m_recovery\latent_task_b_s44_recovery\training_log.json
5M recovery,Recurrent Latent,task_b,44,16,2.155280599594116,0.0004426808885641496,1.9639804491996764,0.984,export\models_5m_recovery\latent_task_b_s44_recovery\training_log.json
5M recovery,Recurrent Latent,task_b,44,17,2.156954578399658,0.00043123825108296954,1.9508211641311646,0.968,export\models_5m_recovery\latent_task_b_s44_recovery\training_log.json
5M recovery,Recurrent Latent,task_b,44,18,2.1582853717803956,0.0004189369985579203,1.9085552830696106,0.984,export\models_5m_recovery\latent_task_b_s44_recovery\training_log.json
5M recovery,Recurrent Latent,task_b,44,19,2.147055629730225,0.0004058370614547863,1.996844307899475,0.992,export\models_5m_recovery\latent_task_b_s44_recovery\training_log.json
5M recovery,Recurrent Latent,task_b,44,20,2.143659767150879,0.00039200226135033294,1.8706058850288392,0.96,export\models_5m_recovery\latent_task_b_s44_recovery\training_log.json
5M recovery,Recurrent Latent,task_b,44,21,2.135081428527832,0.0003775,1.8864976840019225,0.968,export\models_5m_recovery\latent_task_b_s44_recovery\training_log.json
5M recovery,Recurrent Latent,task_b,44,22,2.111911672592163,0.000362400930963324,1.8989943590164184,0.992,export\models_5m_recovery\latent_task_b_s44_recovery\training_log.json
5M recovery,Recurrent Latent,task_b,44,23,2.1080294704437255,0.00034677861538689845,1.9546986603736878,0.984,export\models_5m_recovery\latent_task_b_s44_recovery\training_log.json
5M recovery,Recurrent Latent,task_b,44,24,2.079332841873169,0.00033070916362186215,1.8973518185615539,0.984,export\models_5m_recovery\latent_task_b_s44_recovery\training_log.json
5M recovery,Recurrent Latent,task_b,44,25,2.083836597442627,0.00031427086442191855,2.036877766132355,0.976,export\models_5m_recovery\latent_task_b_s44_recovery\training_log.json
5M recovery,Recurrent Latent,task_b,44,26,2.067998987197876,0.000297543803528398,1.9116656260490417,0.992,export\models_5m_recovery\latent_task_b_s44_recovery\training_log.json
5M recovery,Recurrent Latent,task_b,44,27,2.053519947052002,0.00028060947350057514,1.992571849822998,1.0,export\models_5m_recovery\latent_task_b_s44_recovery\training_log.json
5M recovery,Recurrent Latent,task_b,44,28,2.046368755340576,0.0002635503766921128,1.9434503393173217,0.992,export\models_5m_recovery\latent_task_b_s44_recovery\training_log.json
5M recovery,Recurrent Latent,task_b,44,29,2.038583778381348,0.00024644962330788733,1.929800723552704,0.984,export\models_5m_recovery\latent_task_b_s44_recovery\training_log.json
5M recovery,Recurrent Latent,task_b,44,30,2.0312321586608886,0.00022939052649942497,1.8881776037216187,0.992,export\models_5m_recovery\latent_task_b_s44_recovery\training_log.json
5M recovery,Recurrent Latent,task_b,44,31,2.0279167318344116,0.0002124561964716021,2.0446396050453184,0.976,export\models_5m_recovery\latent_task_b_s44_recovery\training_log.json
5M recovery,Recurrent Latent,task_b,44,32,2.0284178943634035,0.00019572913557808146,1.8601565985679627,0.984,export\models_5m_recovery\latent_task_b_s44_recovery\training_log.json
5M recovery,Recurrent Latent,task_b,44,33,2.025358744621277,0.00017929083637813792,2.044447253704071,0.992,export\models_5m_recovery\latent_task_b_s44_recovery\training_log.json
5M recovery,Recurrent Latent,task_b,44,34,2.021748601913452,0.00016322138461310155,1.8732306809425354,0.976,export\models_5m_recovery\latent_task_b_s44_recovery\training_log.json
5M recovery,Recurrent Latent,task_b,44,35,2.0170030460357666,0.00014759906903667603,1.8242818956375122,0.976,export\models_5m_recovery\latent_task_b_s44_recovery\training_log.json
5M recovery,Recurrent Latent,task_b,44,36,2.0148699140548705,0.00013250000000000008,1.8767863368988038,0.968,export\models_5m_recovery\latent_task_b_s44_recovery\training_log.json
5M recovery,Recurrent Latent,task_b,44,37,2.0122733421325685,0.00011799773864966707,1.8381539969444274,0.984,export\models_5m_recovery\latent_task_b_s44_recovery\training_log.json
5M recovery,Recurrent Latent,task_b,44,38,2.009800630569458,0.00010416293854521372,1.8701017351150513,1.0,export\models_5m_recovery\latent_task_b_s44_recovery\training_log.json
5M recovery,Recurrent Latent,task_b,44,39,2.0056540088653563,9.10630014420798e-05,1.7877357378005982,0.968,export\models_5m_recovery\latent_task_b_s44_recovery\training_log.json
5M recovery,Recurrent Latent,task_b,44,40,2.0000920333862306,7.87617489170305e-05,1.856670376777649,0.96,export\models_5m_recovery\latent_task_b_s44_recovery\training_log.json
5M recovery,Recurrent Latent,task_b,44,41,1.9959890003204346,6.731911143585041e-05,1.8610033469200133,0.992,export\models_5m_recovery\latent_task_b_s44_recovery\training_log.json
5M recovery,Recurrent Latent,task_b,44,42,1.9916466884613038,5.67908363781379e-05,1.8741496081352234,0.976,export\models_5m_recovery\latent_task_b_s44_recovery\training_log.json
5M recovery,Recurrent Latent,task_b,44,43,1.988457942008972,4.722821644167565e-05,1.861605791091919,0.976,export\models_5m_recovery\latent_task_b_s44_recovery\training_log.json
5M recovery,Recurrent Latent,task_b,44,44,1.983796175956726,3.867783974956289e-05,1.822412989616394,0.96,export\models_5m_recovery\latent_task_b_s44_recovery\training_log.json
5M recovery,Recurrent Latent,task_b,44,45,1.9795316543579102,3.118136287756276e-05,1.767844012737274,0.992,export\models_5m_recovery\latent_task_b_s44_recovery\training_log.json
5M recovery,Recurrent Latent,task_b,44,46,1.9760844345092774,2.4775307907452464e-05,1.822345636844635,0.968,export\models_5m_recovery\latent_task_b_s44_recovery\training_log.json
5M recovery,Recurrent Latent,task_b,44,47,1.9721582279205323,1.9490884495111872e-05,1.8560957021713256,1.0,export\models_5m_recovery\latent_task_b_s44_recovery\training_log.json
5M recovery,Recurrent Latent,task_b,44,48,1.9709632806777955,1.5353837820217605e-05,1.8776672406196595,0.968,export\models_5m_recovery\latent_task_b_s44_recovery\training_log.json
5M recovery,Recurrent Latent,task_b,44,49,1.9672668170928955,1.2384323158315261e-05,1.8415303797721863,0.976,export\models_5m_recovery\latent_task_b_s44_recovery\training_log.json
5M recovery,Recurrent Latent,task_b,44,50,1.9658732080459596,1.0596807686343073e-05,1.837317458152771,0.968,export\models_5m_recovery\latent_task_b_s44_recovery\training_log.json
5M recovery,Recurrent Latent,task_b,45,1,2.329741853713989,0.0001,3.2101140365600584,1.0,export\models_5m_recovery\latent_task_b_s45_recovery\training_log.json
5M recovery,Recurrent Latent,task_b,45,2,2.301451416015625,0.0002,2.7034305572509765,1.0,export\models_5m_recovery\latent_task_b_s45_recovery\training_log.json
5M recovery,Recurrent Latent,task_b,45,3,2.298029960632324,0.0003,2.470227412223816,1.0,export\models_5m_recovery\latent_task_b_s45_recovery\training_log.json
5M recovery,Recurrent Latent,task_b,45,4,2.2928964881896974,0.0004,2.355928331375122,0.984,export\models_5m_recovery\latent_task_b_s45_recovery\training_log.json
5M recovery,Recurrent Latent,task_b,45,5,2.2914647884368895,0.0005,2.2730338859558104,1.0,export\models_5m_recovery\latent_task_b_s45_recovery\training_log.json
5M recovery,Recurrent Latent,task_b,45,6,2.2898515949249267,0.0005,2.298812971115112,1.0,export\models_5m_recovery\latent_task_b_s45_recovery\training_log.json
5M recovery,Recurrent Latent,task_b,45,7,2.281666431427002,0.0004994031923136569,2.2064800081253053,0.984,export\models_5m_recovery\latent_task_b_s45_recovery\training_log.json
5M recovery,Recurrent Latent,task_b,45,8,2.271406042098999,0.0004976156768416848,2.199325131416321,1.0,export\models_5m_recovery\latent_task_b_s45_recovery\training_log.json
5M recovery,Recurrent Latent,task_b,45,9,2.2443571739196777,0.0004946461621797825,2.1058895449638366,0.992,export\models_5m_recovery\latent_task_b_s45_recovery\training_log.json
5M recovery,Recurrent Latent,task_b,45,10,2.216778402328491,0.0004905091155048882,2.0342313480377197,1.0,export\models_5m_recovery\latent_task_b_s45_recovery\training_log.json
5M recovery,Recurrent Latent,task_b,45,11,2.185056922912598,0.0004852246920925475,2.026154432296753,1.0,export\models_5m_recovery\latent_task_b_s45_recovery\training_log.json
5M recovery,Recurrent Latent,task_b,45,12,2.1732693519592283,0.00047881863712243716,1.9442616066932679,0.984,export\models_5m_recovery\latent_task_b_s45_recovery\training_log.json
5M recovery,Recurrent Latent,task_b,45,13,2.1675067825317385,0.0004713221602504371,1.9883328523635864,0.976,export\models_5m_recovery\latent_task_b_s45_recovery\training_log.json
5M recovery,Recurrent Latent,task_b,45,14,2.1742868709564207,0.00046277178355832435,2.0234307017326354,0.984,export\models_5m_recovery\latent_task_b_s45_recovery\training_log.json
5M recovery,Recurrent Latent,task_b,45,15,2.168816877365112,0.00045320916362186214,1.9398552923202514,0.976,export\models_5m_recovery\latent_task_b_s45_recovery\training_log.json
5M recovery,Recurrent Latent,task_b,45,16,2.169763584136963,0.0004426808885641496,1.9143453226089477,1.0,export\models_5m_recovery\latent_task_b_s45_recovery\training_log.json
5M recovery,Recurrent Latent,task_b,45,17,2.1629131870269775,0.00043123825108296954,1.9789411211013794,1.0,export\models_5m_recovery\latent_task_b_s45_recovery\training_log.json
5M recovery,Recurrent Latent,task_b,45,18,2.1581914043426513,0.0004189369985579203,1.9144337863922118,0.984,export\models_5m_recovery\latent_task_b_s45_recovery\training_log.json
5M recovery,Recurrent Latent,task_b,45,19,2.1616851673126223,0.0004058370614547863,2.034325629234314,0.984,export\models_5m_recovery\latent_task_b_s45_recovery\training_log.json
5M recovery,Recurrent Latent,task_b,45,20,2.157235664367676,0.00039200226135033294,1.9285990171432494,0.976,export\models_5m_recovery\latent_task_b_s45_recovery\training_log.json
5M recovery,Recurrent Latent,task_b,45,21,2.1518178119659424,0.0003775,1.9362445569038391,0.976,export\models_5m_recovery\latent_task_b_s45_recovery\training_log.json
5M recovery,Recurrent Latent,task_b,45,22,2.1510299243927,0.000362400930963324,1.864803041934967,0.976,export\models_5m_recovery\latent_task_b_s45_recovery\training_log.json
5M recovery,Recurrent Latent,task_b,45,23,2.1424485301971434,0.00034677861538689845,1.9094808745384215,0.984,export\models_5m_recovery\latent_task_b_s45_recovery\training_log.json
5M recovery,Recurrent Latent,task_b,45,24,2.137625997543335,0.00033070916362186215,1.9357242059707642,0.968,export\models_5m_recovery\latent_task_b_s45_recovery\training_log.json
5M recovery,Recurrent Latent,task_b,45,25,2.129357879638672,0.00031427086442191855,1.8764438123703002,0.992,export\models_5m_recovery\latent_task_b_s45_recovery\training_log.json
5M recovery,Recurrent Latent,task_b,45,26,2.1152118663787842,0.000297543803528398,2.7566578807830813,0.992,export\models_5m_recovery\latent_task_b_s45_recovery\training_log.json
5M recovery,Recurrent Latent,task_b,45,27,2.0899268341064454,0.00028060947350057514,3.5238679666519164,1.0,export\models_5m_recovery\latent_task_b_s45_recovery\training_log.json
5M recovery,Recurrent Latent,task_b,45,28,2.0684844779968263,0.0002635503766921128,1.9623847117424011,0.992,export\models_5m_recovery\latent_task_b_s45_recovery\training_log.json
5M recovery,Recurrent Latent,task_b,45,29,2.0497409791946413,0.00024644962330788733,1.8791010150909424,1.0,export\models_5m_recovery\latent_task_b_s45_recovery\training_log.json
5M recovery,Recurrent Latent,task_b,45,30,2.040136891365051,0.00022939052649942497,1.8922587428092956,0.968,export\models_5m_recovery\latent_task_b_s45_recovery\training_log.json
5M recovery,Recurrent Latent,task_b,45,31,2.0310687627792356,0.0002124561964716021,1.8261791725158691,0.984,export\models_5m_recovery\latent_task_b_s45_recovery\training_log.json
5M recovery,Recurrent Latent,task_b,45,32,2.023200253486633,0.00019572913557808146,1.826601758480072,0.96,export\models_5m_recovery\latent_task_b_s45_recovery\training_log.json
5M recovery,Recurrent Latent,task_b,45,33,2.0198898935317993,0.00017929083637813792,1.8655624446868897,1.0,export\models_5m_recovery\latent_task_b_s45_recovery\training_log.json
5M recovery,Recurrent Latent,task_b,45,34,2.01231636428833,0.00016322138461310155,1.829573507785797,0.984,export\models_5m_recovery\latent_task_b_s45_recovery\training_log.json
5M recovery,Recurrent Latent,task_b,45,35,2.005858823776245,0.00014759906903667603,1.8648082685470582,0.992,export\models_5m_recovery\latent_task_b_s45_recovery\training_log.json
5M recovery,Recurrent Latent,task_b,45,36,1.9992870988845826,0.00013250000000000008,1.847760745048523,1.0,export\models_5m_recovery\latent_task_b_s45_recovery\training_log.json
5M recovery,Recurrent Latent,task_b,45,37,1.993830138206482,0.00011799773864966707,1.8586541061401367,1.0,export\models_5m_recovery\latent_task_b_s45_recovery\training_log.json
5M recovery,Recurrent Latent,task_b,45,38,1.9908345003128052,0.00010416293854521372,1.8483739027976989,0.976,export\models_5m_recovery\latent_task_b_s45_recovery\training_log.json
5M recovery,Recurrent Latent,task_b,45,39,1.9838945150375367,9.10630014420798e-05,1.832727976322174,0.992,export\models_5m_recovery\latent_task_b_s45_recovery\training_log.json
5M recovery,Recurrent Latent,task_b,45,40,1.9779443836212158,7.87617489170305e-05,1.8319806156158447,0.96,export\models_5m_recovery\latent_task_b_s45_recovery\training_log.json
5M recovery,Recurrent Latent,task_b,45,41,1.977479775428772,6.731911143585041e-05,1.9443574261665344,0.992,export\models_5m_recovery\latent_task_b_s45_recovery\training_log.json
5M recovery,Recurrent Latent,task_b,45,42,1.9711009531021118,5.67908363781379e-05,1.8371080985069275,0.968,export\models_5m_recovery\latent_task_b_s45_recovery\training_log.json
5M recovery,Recurrent Latent,task_b,45,43,1.9657009105682373,4.722821644167565e-05,1.85222847366333,0.976,export\models_5m_recovery\latent_task_b_s45_recovery\training_log.json
5M recovery,Recurrent Latent,task_b,45,44,1.9588616571426392,3.867783974956289e-05,1.906456286430359,1.0,export\models_5m_recovery\latent_task_b_s45_recovery\training_log.json
5M recovery,Recurrent Latent,task_b,45,45,1.9543947229385377,3.118136287756276e-05,1.8202556285858154,1.0,export\models_5m_recovery\latent_task_b_s45_recovery\training_log.json
5M recovery,Recurrent Latent,task_b,45,46,1.9506290645599365,2.4775307907452464e-05,1.8191699080467225,0.992,export\models_5m_recovery\latent_task_b_s45_recovery\training_log.json
5M recovery,Recurrent Latent,task_b,45,47,1.9460419158935547,1.9490884495111872e-05,1.9077803168296814,0.992,export\models_5m_recovery\latent_task_b_s45_recovery\training_log.json
5M recovery,Recurrent Latent,task_b,45,48,1.941834062576294,1.5353837820217605e-05,1.839042995929718,0.984,export\models_5m_recovery\latent_task_b_s45_recovery\training_log.json
5M recovery,Recurrent Latent,task_b,45,49,1.9384572553634642,1.2384323158315261e-05,1.834114324092865,0.992,export\models_5m_recovery\latent_task_b_s45_recovery\training_log.json
5M recovery,Recurrent Latent,task_b,45,50,1.9365871543884277,1.0596807686343073e-05,1.8651831703186035,1.0,export\models_5m_recovery\latent_task_b_s45_recovery\training_log.json
5M recovery,Recurrent Latent,task_b,46,1,2.3400292110443117,0.0001,3.2070901641845704,1.0,export\models_5m_recovery\latent_task_b_s46_recovery\training_log.json
5M recovery,Recurrent Latent,task_b,46,2,2.310851287841797,0.0002,2.7964108848571776,1.0,export\models_5m_recovery\latent_task_b_s46_recovery\training_log.json
5M recovery,Recurrent Latent,task_b,46,3,2.300942762374878,0.0003,2.5181169834136963,1.0,export\models_5m_recovery\latent_task_b_s46_recovery\training_log.json
5M recovery,Recurrent Latent,task_b,46,4,2.294992198944092,0.0004,2.351427773475647,1.0,export\models_5m_recovery\latent_task_b_s46_recovery\training_log.json
5M recovery,Recurrent Latent,task_b,46,5,2.2982890625,0.0005,2.3494887189865112,1.0,export\models_5m_recovery\latent_task_b_s46_recovery\training_log.json
5M recovery,Recurrent Latent,task_b,46,6,2.296800127029419,0.0005,2.267120593547821,0.976,export\models_5m_recovery\latent_task_b_s46_recovery\training_log.json
5M recovery,Recurrent Latent,task_b,46,7,2.2962972717285157,0.0004994031923136569,2.1541869411468504,1.0,export\models_5m_recovery\latent_task_b_s46_recovery\training_log.json
5M recovery,Recurrent Latent,task_b,46,8,2.296395195007324,0.0004976156768416848,2.1974791803359985,1.0,export\models_5m_recovery\latent_task_b_s46_recovery\training_log.json
5M recovery,Recurrent Latent,task_b,46,9,2.2909641036987303,0.0004946461621797825,2.0928469133377074,1.0,export\models_5m_recovery\latent_task_b_s46_recovery\training_log.json
5M recovery,Recurrent Latent,task_b,46,10,2.2899279747009276,0.0004905091155048882,2.009535056114197,1.0,export\models_5m_recovery\latent_task_b_s46_recovery\training_log.json
5M recovery,Recurrent Latent,task_b,46,11,2.288887231826782,0.0004852246920925475,1.965426872730255,0.96,export\models_5m_recovery\latent_task_b_s46_recovery\training_log.json
5M recovery,Recurrent Latent,task_b,46,12,2.287907726287842,0.00047881863712243716,1.9266748547554016,0.984,export\models_5m_recovery\latent_task_b_s46_recovery\training_log.json
5M recovery,Recurrent Latent,task_b,46,13,2.286499376296997,0.0004713221602504371,1.9333983311653138,0.976,export\models_5m_recovery\latent_task_b_s46_recovery\training_log.json
5M recovery,Recurrent Latent,task_b,46,14,2.282616491317749,0.00046277178355832435,1.9264401750564575,0.944,export\models_5m_recovery\latent_task_b_s46_recovery\training_log.json
5M recovery,Recurrent Latent,task_b,46,15,2.279019283294678,0.00045320916362186214,1.9098981704711915,0.976,export\models_5m_recovery\latent_task_b_s46_recovery\training_log.json
5M recovery,Recurrent Latent,task_b,46,16,2.2730252590179445,0.0004426808885641496,1.8153134212493895,0.984,export\models_5m_recovery\latent_task_b_s46_recovery\training_log.json
5M recovery,Recurrent Latent,task_b,46,17,2.2628073444366454,0.00043123825108296954,1.7957766723632813,0.936,export\models_5m_recovery\latent_task_b_s46_recovery\training_log.json
5M recovery,Recurrent Latent,task_b,46,18,2.2640938453674315,0.0004189369985579203,1.8279191117286682,0.984,export\models_5m_recovery\latent_task_b_s46_recovery\training_log.json
5M recovery,Recurrent Latent,task_b,46,19,2.249194561004639,0.0004058370614547863,1.951528971672058,0.992,export\models_5m_recovery\latent_task_b_s46_recovery\training_log.json
5M recovery,Recurrent Latent,task_b,46,20,2.237891763687134,0.00039200226135033294,1.9233603172302247,1.0,export\models_5m_recovery\latent_task_b_s46_recovery\training_log.json
5M recovery,Recurrent Latent,task_b,46,21,2.214482307434082,0.0003775,1.931140911102295,0.984,export\models_5m_recovery\latent_task_b_s46_recovery\training_log.json
5M recovery,Recurrent Latent,task_b,46,22,2.1933093280792235,0.000362400930963324,1.778238494873047,0.976,export\models_5m_recovery\latent_task_b_s46_recovery\training_log.json
5M recovery,Recurrent Latent,task_b,46,23,2.1863791198730467,0.00034677861538689845,1.8166511373519898,0.976,export\models_5m_recovery\latent_task_b_s46_recovery\training_log.json
5M recovery,Recurrent Latent,task_b,46,24,2.181770320892334,0.00033070916362186215,1.8384622240066528,0.952,export\models_5m_recovery\latent_task_b_s46_recovery\training_log.json
5M recovery,Recurrent Latent,task_b,46,25,2.1752860260009768,0.00031427086442191855,1.9074926929473877,0.96,export\models_5m_recovery\latent_task_b_s46_recovery\training_log.json
5M recovery,Recurrent Latent,task_b,46,26,2.1626124458312987,0.000297543803528398,1.8114473748207092,0.968,export\models_5m_recovery\latent_task_b_s46_recovery\training_log.json
5M recovery,Recurrent Latent,task_b,46,27,2.157224937438965,0.00028060947350057514,1.809600227355957,0.984,export\models_5m_recovery\latent_task_b_s46_recovery\training_log.json
5M recovery,Recurrent Latent,task_b,46,28,2.1524933052062987,0.0002635503766921128,1.8069778218269348,0.96,export\models_5m_recovery\latent_task_b_s46_recovery\training_log.json
5M recovery,Recurrent Latent,task_b,46,29,2.1571096096038818,0.00024644962330788733,1.8980371785163879,0.992,export\models_5m_recovery\latent_task_b_s46_recovery\training_log.json
5M recovery,Recurrent Latent,task_b,46,30,2.1568947067260744,0.00022939052649942497,1.799187922000885,0.968,export\models_5m_recovery\latent_task_b_s46_recovery\training_log.json
5M recovery,Recurrent Latent,task_b,46,31,2.152934705734253,0.0002124561964716021,1.8236448850631715,1.0,export\models_5m_recovery\latent_task_b_s46_recovery\training_log.json
5M recovery,Recurrent Latent,task_b,46,32,2.148716857910156,0.00019572913557808146,1.799938283920288,0.968,export\models_5m_recovery\latent_task_b_s46_recovery\training_log.json
5M recovery,Recurrent Latent,task_b,46,33,2.146122594833374,0.00017929083637813792,1.858632707118988,0.992,export\models_5m_recovery\latent_task_b_s46_recovery\training_log.json
5M recovery,Recurrent Latent,task_b,46,34,2.140199026107788,0.00016322138461310155,1.7628821501731873,0.968,export\models_5m_recovery\latent_task_b_s46_recovery\training_log.json
5M recovery,Recurrent Latent,task_b,46,35,2.1360586528778076,0.00014759906903667603,1.773075117111206,0.968,export\models_5m_recovery\latent_task_b_s46_recovery\training_log.json
5M recovery,Recurrent Latent,task_b,46,36,2.128476291656494,0.00013250000000000008,1.7940375866889953,0.96,export\models_5m_recovery\latent_task_b_s46_recovery\training_log.json
5M recovery,Recurrent Latent,task_b,46,37,2.124335832595825,0.00011799773864966707,1.9100230989456177,0.976,export\models_5m_recovery\latent_task_b_s46_recovery\training_log.json
5M recovery,Recurrent Latent,task_b,46,38,2.121650764465332,0.00010416293854521372,1.8394463405609132,0.976,export\models_5m_recovery\latent_task_b_s46_recovery\training_log.json
5M recovery,Recurrent Latent,task_b,46,39,2.1120903415679932,9.10630014420798e-05,2.5124998626708983,0.96,export\models_5m_recovery\latent_task_b_s46_recovery\training_log.json
5M recovery,Recurrent Latent,task_b,46,40,2.109200643539429,7.87617489170305e-05,1.81426558303833,0.944,export\models_5m_recovery\latent_task_b_s46_recovery\training_log.json
5M recovery,Recurrent Latent,task_b,46,41,2.100931064605713,6.731911143585041e-05,1.7659235172271728,0.96,export\models_5m_recovery\latent_task_b_s46_recovery\training_log.json
5M recovery,Recurrent Latent,task_b,46,42,2.0948440322875976,5.67908363781379e-05,1.8395240850448609,0.976,export\models_5m_recovery\latent_task_b_s46_recovery\training_log.json
5M recovery,Recurrent Latent,task_b,46,43,2.0899075565338134,4.722821644167565e-05,1.7705045199394227,0.992,export\models_5m_recovery\latent_task_b_s46_recovery\training_log.json
5M recovery,Recurrent Latent,task_b,46,44,2.082974054336548,3.867783974956289e-05,1.8007173752784729,0.976,export\models_5m_recovery\latent_task_b_s46_recovery\training_log.json
5M recovery,Recurrent Latent,task_b,46,45,2.07841623878479,3.118136287756276e-05,1.9128506484031678,0.96,export\models_5m_recovery\latent_task_b_s46_recovery\training_log.json
5M recovery,Recurrent Latent,task_b,46,46,2.074078531265259,2.4775307907452464e-05,1.7560006761550904,0.968,export\models_5m_recovery\latent_task_b_s46_recovery\training_log.json
5M recovery,Recurrent Latent,task_b,46,47,2.0679878520965578,1.9490884495111872e-05,1.7675947465896606,0.952,export\models_5m_recovery\latent_task_b_s46_recovery\training_log.json
5M recovery,Recurrent Latent,task_b,46,48,2.0669516048431396,1.5353837820217605e-05,1.7953367443084718,0.944,export\models_5m_recovery\latent_task_b_s46_recovery\training_log.json
5M recovery,Recurrent Latent,task_b,46,49,2.0642016668319703,1.2384323158315261e-05,1.9083104672431945,0.968,export\models_5m_recovery\latent_task_b_s46_recovery\training_log.json
5M recovery,Recurrent Latent,task_b,46,50,2.0615194149017335,1.0596807686343073e-05,1.9358053588867188,0.992,export\models_5m_recovery\latent_task_b_s46_recovery\training_log.json
